id,identifier,color,type_1,type_2,hp,atk,def,spatk,spdef,speed,species_id,evolves_from_species_id
1,bulbasaur,green,grass,poison,45,49,49,65,65,45,1,
2,ivysaur,green,grass,poison,60,62,63,80,80,60,2,1.0
3,venusaur,green,grass,poison,80,82,83,100,100,80,3,2.0
4,charmander,red,fire,fire,39,52,43,60,50,65,4,
5,charmeleon,red,fire,fire,58,64,58,80,65,80,5,4.0
6,charizard,red,fire,flying,78,84,78,109,85,100,6,5.0
7,squirtle,blue,water,water,44,48,65,50,64,43,7,
8,wartortle,blue,water,water,59,63,80,65,80,58,8,7.0
9,blastoise,blue,water,water,79,83,100,85,105,78,9,8.0
10,caterpie,green,bug,bug,45,30,35,20,20,45,10,
11,metapod,green,bug,bug,50,20,55,25,25,30,11,10.0
12,butterfree,white,bug,flying,60,45,50,90,80,70,12,11.0
13,weedle,brown,bug,poison,40,35,30,20,20,50,13,
14,kakuna,yellow,bug,poison,45,25,50,25,25,35,14,13.0
15,beedrill,yellow,bug,poison,65,90,40,45,80,75,15,14.0
16,pidgey,brown,normal,flying,40,45,40,35,35,56,16,
17,pidgeotto,brown,normal,flying,63,60,55,50,50,71,17,16.0
18,pidgeot,brown,normal,flying,83,80,75,70,70,101,18,17.0
19,rattata,purple,normal,normal,30,56,35,25,35,72,19,
20,raticate,brown,normal,normal,55,81,60,50,70,97,20,19.0
21,spearow,brown,normal,flying,40,60,30,31,31,70,21,
22,fearow,brown,normal,flying,65,90,65,61,61,100,22,21.0
23,ekans,purple,poison,poison,35,60,44,40,54,55,23,
24,arbok,purple,poison,poison,60,95,69,65,79,80,24,23.0
25,pikachu,yellow,electric,electric,35,55,40,50,50,90,25,172.0
26,raichu,yellow,electric,electric,60,90,55,90,80,110,26,25.0
27,sandshrew,yellow,ground,ground,50,75,85,20,30,40,27,
28,sandslash,yellow,ground,ground,75,100,110,45,55,65,28,27.0
29,nidoran-f,blue,poison,poison,55,47,52,40,40,41,29,
30,nidorina,blue,poison,poison,70,62,67,55,55,56,30,29.0
31,nidoqueen,blue,poison,ground,90,92,87,75,85,76,31,30.0
32,nidoran-m,purple,poison,poison,46,57,40,40,40,50,32,
33,nidorino,purple,poison,poison,61,72,57,55,55,65,33,32.0
34,nidoking,purple,poison,ground,81,102,77,85,75,85,34,33.0
35,clefairy,pink,fairy,fairy,70,45,48,60,65,35,35,173.0
36,clefable,pink,fairy,fairy,95,70,73,95,90,60,36,35.0
37,vulpix,brown,fire,fire,38,41,40,50,65,65,37,
38,ninetales,yellow,fire,fire,73,76,75,81,100,100,38,37.0
39,jigglypuff,pink,normal,fairy,115,45,20,45,25,20,39,174.0
40,wigglytuff,pink,normal,fairy,140,70,45,85,50,45,40,39.0
41,zubat,purple,poison,flying,40,45,35,30,40,55,41,
42,golbat,purple,poison,flying,75,80,70,65,75,90,42,41.0
43,oddish,blue,grass,poison,45,50,55,75,65,30,43,
44,gloom,blue,grass,poison,60,65,70,85,75,40,44,43.0
45,vileplume,red,grass,poison,75,80,85,110,90,50,45,44.0
46,paras,red,bug,grass,35,70,55,45,55,25,46,
47,parasect,red,bug,grass,60,95,80,60,80,30,47,46.0
48,venonat,purple,bug,poison,60,55,50,40,55,45,48,
49,venomoth,purple,bug,poison,70,65,60,90,75,90,49,48.0
50,diglett,brown,ground,ground,10,55,25,35,45,95,50,
51,dugtrio,brown,ground,ground,35,100,50,50,70,120,51,50.0
52,meowth,yellow,normal,normal,40,45,35,40,40,90,52,
53,persian,yellow,normal,normal,65,70,60,65,65,115,53,52.0
54,psyduck,yellow,water,water,50,52,48,65,50,55,54,
55,golduck,blue,water,water,80,82,78,95,80,85,55,54.0
56,mankey,brown,fighting,fighting,40,80,35,35,45,70,56,
57,primeape,brown,fighting,fighting,65,105,60,60,70,95,57,56.0
58,growlithe,brown,fire,fire,55,70,45,70,50,60,58,
59,arcanine,brown,fire,fire,90,110,80,100,80,95,59,58.0
60,poliwag,blue,water,water,40,50,40,40,40,90,60,
61,poliwhirl,blue,water,water,65,65,65,50,50,90,61,60.0
62,poliwrath,blue,water,fighting,90,95,95,70,90,70,62,61.0
63,abra,brown,psychic,psychic,25,20,15,105,55,90,63,
64,kadabra,brown,psychic,psychic,40,35,30,120,70,105,64,63.0
65,alakazam,brown,psychic,psychic,55,50,45,135,95,120,65,64.0
66,machop,gray,fighting,fighting,70,80,50,35,35,35,66,
67,machoke,gray,fighting,fighting,80,100,70,50,60,45,67,66.0
68,machamp,gray,fighting,fighting,90,130,80,65,85,55,68,67.0
69,bellsprout,green,grass,poison,50,75,35,70,30,40,69,
70,weepinbell,green,grass,poison,65,90,50,85,45,55,70,69.0
71,victreebel,green,grass,poison,80,105,65,100,70,70,71,70.0
72,tentacool,blue,water,poison,40,40,35,50,100,70,72,
73,tentacruel,blue,water,poison,80,70,65,80,120,100,73,72.0
74,geodude,brown,rock,ground,40,80,100,30,30,20,74,
75,graveler,brown,rock,ground,55,95,115,45,45,35,75,74.0
76,golem,brown,rock,ground,80,120,130,55,65,45,76,75.0
77,ponyta,yellow,fire,fire,50,85,55,65,65,90,77,
78,rapidash,yellow,fire,fire,65,100,70,80,80,105,78,77.0
79,slowpoke,pink,water,psychic,90,65,65,40,40,15,79,
80,slowbro,pink,water,psychic,95,75,110,100,80,30,80,79.0
81,magnemite,gray,electric,steel,25,35,70,95,55,45,81,
82,magneton,gray,electric,steel,50,60,95,120,70,70,82,81.0
83,farfetchd,brown,normal,flying,52,90,55,58,62,60,83,
84,doduo,brown,normal,flying,35,85,45,35,35,75,84,
85,dodrio,brown,normal,flying,60,110,70,60,60,110,85,84.0
86,seel,white,water,water,65,45,55,45,70,45,86,
87,dewgong,white,water,ice,90,70,80,70,95,70,87,86.0
88,grimer,purple,poison,poison,80,80,50,40,50,25,88,
89,muk,purple,poison,poison,105,105,75,65,100,50,89,88.0
90,shellder,purple,water,water,30,65,100,45,25,40,90,
91,cloyster,purple,water,ice,50,95,180,85,45,70,91,90.0
92,gastly,purple,ghost,poison,30,35,30,100,35,80,92,
93,haunter,purple,ghost,poison,45,50,45,115,55,95,93,92.0
94,gengar,purple,ghost,poison,60,65,60,130,75,110,94,93.0
95,onix,gray,rock,ground,35,45,160,30,45,70,95,
96,drowzee,yellow,psychic,psychic,60,48,45,43,90,42,96,
97,hypno,yellow,psychic,psychic,85,73,70,73,115,67,97,96.0
98,krabby,red,water,water,30,105,90,25,25,50,98,
99,kingler,red,water,water,55,130,115,50,50,75,99,98.0
100,voltorb,red,electric,electric,40,30,50,55,55,100,100,
101,electrode,red,electric,electric,60,50,70,80,80,150,101,100.0
102,exeggcute,pink,grass,psychic,60,40,80,60,45,40,102,
103,exeggutor,yellow,grass,psychic,95,95,85,125,75,55,103,102.0
104,cubone,brown,ground,ground,50,50,95,40,50,35,104,
105,marowak,brown,ground,ground,60,80,110,50,80,45,105,104.0
106,hitmonlee,brown,fighting,fighting,50,120,53,35,110,87,106,236.0
107,hitmonchan,brown,fighting,fighting,50,105,79,35,110,76,107,236.0
108,lickitung,pink,normal,normal,90,55,75,60,75,30,108,
109,koffing,purple,poison,poison,40,65,95,60,45,35,109,
110,weezing,purple,poison,poison,65,90,120,85,70,60,110,109.0
111,rhyhorn,gray,ground,rock,80,85,95,30,30,25,111,
112,rhydon,gray,ground,rock,105,130,120,45,45,40,112,111.0
113,chansey,pink,normal,normal,250,5,5,35,105,50,113,440.0
114,tangela,blue,grass,grass,65,55,115,100,40,60,114,
115,kangaskhan,brown,normal,normal,105,95,80,40,80,90,115,
116,horsea,blue,water,water,30,40,70,70,25,60,116,
117,seadra,blue,water,water,55,65,95,95,45,85,117,116.0
118,goldeen,red,water,water,45,67,60,35,50,63,118,
119,seaking,red,water,water,80,92,65,65,80,68,119,118.0
120,staryu,brown,water,water,30,45,55,70,55,85,120,
121,starmie,purple,water,psychic,60,75,85,100,85,115,121,120.0
122,mr-mime,pink,psychic,fairy,40,45,65,100,120,90,122,439.0
123,scyther,green,bug,flying,70,110,80,55,80,105,123,
124,jynx,red,ice,psychic,65,50,35,115,95,95,124,238.0
125,electabuzz,yellow,electric,electric,65,83,57,95,85,105,125,239.0
126,magmar,red,fire,fire,65,95,57,100,85,93,126,240.0
127,pinsir,brown,bug,bug,65,125,100,55,70,85,127,
128,tauros,brown,normal,normal,75,100,95,40,70,110,128,
129,magikarp,red,water,water,20,10,55,15,20,80,129,
130,gyarados,blue,water,flying,95,125,79,60,100,81,130,129.0
131,lapras,blue,water,ice,130,85,80,85,95,60,131,
132,ditto,purple,normal,normal,48,48,48,48,48,48,132,
133,eevee,brown,normal,normal,55,55,50,45,65,55,133,
134,vaporeon,blue,water,water,130,65,60,110,95,65,134,133.0
135,jolteon,yellow,electric,electric,65,65,60,110,95,130,135,133.0
136,flareon,red,fire,fire,65,130,60,95,110,65,136,133.0
137,porygon,pink,normal,normal,65,60,70,85,75,40,137,
138,omanyte,blue,rock,water,35,40,100,90,55,35,138,
139,omastar,blue,rock,water,70,60,125,115,70,55,139,138.0
140,kabuto,brown,rock,water,30,80,90,55,45,55,140,
141,kabutops,brown,rock,water,60,115,105,65,70,80,141,140.0
142,aerodactyl,purple,rock,flying,80,105,65,60,75,130,142,
143,snorlax,black,normal,normal,160,110,65,65,110,30,143,446.0
144,articuno,blue,ice,flying,90,85,100,95,125,85,144,
145,zapdos,yellow,electric,flying,90,90,85,125,90,100,145,
146,moltres,yellow,fire,flying,90,100,90,125,85,90,146,
147,dratini,blue,dragon,dragon,41,64,45,50,50,50,147,
148,dragonair,blue,dragon,dragon,61,84,65,70,70,70,148,147.0
149,dragonite,brown,dragon,flying,91,134,95,100,100,80,149,148.0
150,mewtwo,purple,psychic,psychic,106,110,90,154,90,130,150,
151,mew,pink,psychic,psychic,100,100,100,100,100,100,151,
152,chikorita,green,grass,grass,45,49,65,49,65,45,152,
153,bayleef,green,grass,grass,60,62,80,63,80,60,153,152.0
154,meganium,green,grass,grass,80,82,100,83,100,80,154,153.0
155,cyndaquil,yellow,fire,fire,39,52,43,60,50,65,155,
156,quilava,yellow,fire,fire,58,64,58,80,65,80,156,155.0
157,typhlosion,yellow,fire,fire,78,84,78,109,85,100,157,156.0
158,totodile,blue,water,water,50,65,64,44,48,43,158,
159,croconaw,blue,water,water,65,80,80,59,63,58,159,158.0
160,feraligatr,blue,water,water,85,105,100,79,83,78,160,159.0
161,sentret,brown,normal,normal,35,46,34,35,45,20,161,
162,furret,brown,normal,normal,85,76,64,45,55,90,162,161.0
163,hoothoot,brown,normal,flying,60,30,30,36,56,50,163,
164,noctowl,brown,normal,flying,100,50,50,86,96,70,164,163.0
165,ledyba,red,bug,flying,40,20,30,40,80,55,165,
166,ledian,red,bug,flying,55,35,50,55,110,85,166,165.0
167,spinarak,green,bug,poison,40,60,40,40,40,30,167,
168,ariados,red,bug,poison,70,90,70,60,70,40,168,167.0
169,crobat,purple,poison,flying,85,90,80,70,80,130,169,42.0
170,chinchou,blue,water,electric,75,38,38,56,56,67,170,
171,lanturn,blue,water,electric,125,58,58,76,76,67,171,170.0
172,pichu,yellow,electric,electric,20,40,15,35,35,60,172,
173,cleffa,pink,fairy,fairy,50,25,28,45,55,15,173,
174,igglybuff,pink,normal,fairy,90,30,15,40,20,15,174,
175,togepi,white,fairy,fairy,35,20,65,40,65,20,175,
176,togetic,white,fairy,flying,55,40,85,80,105,40,176,175.0
177,natu,green,psychic,flying,40,50,45,70,45,70,177,
178,xatu,green,psychic,flying,65,75,70,95,70,95,178,177.0
179,mareep,white,electric,electric,55,40,40,65,45,35,179,
180,flaaffy,pink,electric,electric,70,55,55,80,60,45,180,179.0
181,ampharos,yellow,electric,electric,90,75,85,115,90,55,181,180.0
182,bellossom,green,grass,grass,75,80,95,90,100,50,182,44.0
183,marill,blue,water,fairy,70,20,50,20,50,40,183,298.0
184,azumarill,blue,water,fairy,100,50,80,60,80,50,184,183.0
185,sudowoodo,brown,rock,rock,70,100,115,30,65,30,185,438.0
186,politoed,green,water,water,90,75,75,90,100,70,186,61.0
187,hoppip,pink,grass,flying,35,35,40,35,55,50,187,
188,skiploom,green,grass,flying,55,45,50,45,65,80,188,187.0
189,jumpluff,blue,grass,flying,75,55,70,55,95,110,189,188.0
190,aipom,purple,normal,normal,55,70,55,40,55,85,190,
191,sunkern,yellow,grass,grass,30,30,30,30,30,30,191,
192,sunflora,yellow,grass,grass,75,75,55,105,85,30,192,191.0
193,yanma,red,bug,flying,65,65,45,75,45,95,193,
194,wooper,blue,water,ground,55,45,45,25,25,15,194,
195,quagsire,blue,water,ground,95,85,85,65,65,35,195,194.0
196,espeon,purple,psychic,psychic,65,65,60,130,95,110,196,133.0
197,umbreon,black,dark,dark,95,65,110,60,130,65,197,133.0
198,murkrow,black,dark,flying,60,85,42,85,42,91,198,
199,slowking,pink,water,psychic,95,75,80,100,110,30,199,79.0
200,misdreavus,gray,ghost,ghost,60,60,60,85,85,85,200,
201,unown,black,psychic,psychic,48,72,48,72,48,48,201,
202,wobbuffet,blue,psychic,psychic,190,33,58,33,58,33,202,360.0
203,girafarig,yellow,normal,psychic,70,80,65,90,65,85,203,
204,pineco,gray,bug,bug,50,65,90,35,35,15,204,
205,forretress,purple,bug,steel,75,90,140,60,60,40,205,204.0
206,dunsparce,yellow,normal,normal,100,70,70,65,65,45,206,
207,gligar,purple,ground,flying,65,75,105,35,65,85,207,
208,steelix,gray,steel,ground,75,85,200,55,65,30,208,95.0
209,snubbull,pink,fairy,fairy,60,80,50,40,40,30,209,
210,granbull,purple,fairy,fairy,90,120,75,60,60,45,210,209.0
211,qwilfish,gray,water,poison,65,95,85,55,55,85,211,
212,scizor,red,bug,steel,70,130,100,55,80,65,212,123.0
213,shuckle,yellow,bug,rock,20,10,230,10,230,5,213,
214,heracross,blue,bug,fighting,80,125,75,40,95,85,214,
215,sneasel,black,dark,ice,55,95,55,35,75,115,215,
216,teddiursa,brown,normal,normal,60,80,50,50,50,40,216,
217,ursaring,brown,normal,normal,90,130,75,75,75,55,217,216.0
218,slugma,red,fire,fire,40,40,40,70,40,20,218,
219,magcargo,red,fire,rock,60,50,120,90,80,30,219,218.0
220,swinub,brown,ice,ground,50,50,40,30,30,50,220,
221,piloswine,brown,ice,ground,100,100,80,60,60,50,221,220.0
222,corsola,pink,water,rock,65,55,95,65,95,35,222,
223,remoraid,gray,water,water,35,65,35,65,35,65,223,
224,octillery,red,water,water,75,105,75,105,75,45,224,223.0
225,delibird,red,ice,flying,45,55,45,65,45,75,225,
226,mantine,purple,water,flying,85,40,70,80,140,70,226,458.0
227,skarmory,gray,steel,flying,65,80,140,40,70,70,227,
228,houndour,black,dark,fire,45,60,30,80,50,65,228,
229,houndoom,black,dark,fire,75,90,50,110,80,95,229,228.0
230,kingdra,blue,water,dragon,75,95,95,95,95,85,230,117.0
231,phanpy,blue,ground,ground,90,60,60,40,40,40,231,
232,donphan,gray,ground,ground,90,120,120,60,60,50,232,231.0
233,porygon2,red,normal,normal,85,80,90,105,95,60,233,137.0
234,stantler,brown,normal,normal,73,95,62,85,65,85,234,
235,smeargle,white,normal,normal,55,20,35,20,45,75,235,
236,tyrogue,purple,fighting,fighting,35,35,35,35,35,35,236,
237,hitmontop,brown,fighting,fighting,50,95,95,35,110,70,237,236.0
238,smoochum,pink,ice,psychic,45,30,15,85,65,65,238,
239,elekid,yellow,electric,electric,45,63,37,65,55,95,239,
240,magby,red,fire,fire,45,75,37,70,55,83,240,
241,miltank,pink,normal,normal,95,80,105,40,70,100,241,
242,blissey,pink,normal,normal,255,10,10,75,135,55,242,113.0
243,raikou,yellow,electric,electric,90,85,75,115,100,115,243,
244,entei,brown,fire,fire,115,115,85,90,75,100,244,
245,suicune,blue,water,water,100,75,115,90,115,85,245,
246,larvitar,green,rock,ground,50,64,50,45,50,41,246,
247,pupitar,gray,rock,ground,70,84,70,65,70,51,247,246.0
248,tyranitar,green,rock,dark,100,134,110,95,100,61,248,247.0
249,lugia,white,psychic,flying,106,90,130,90,154,110,249,
250,ho-oh,red,fire,flying,106,130,90,110,154,90,250,
251,celebi,green,psychic,grass,100,100,100,100,100,100,251,
252,treecko,green,grass,grass,40,45,35,65,55,70,252,
253,grovyle,green,grass,grass,50,65,45,85,65,95,253,252.0
254,sceptile,green,grass,grass,70,85,65,105,85,120,254,253.0
255,torchic,red,fire,fire,45,60,40,70,50,45,255,
256,combusken,red,fire,fighting,60,85,60,85,60,55,256,255.0
257,blaziken,red,fire,fighting,80,120,70,110,70,80,257,256.0
258,mudkip,blue,water,water,50,70,50,50,50,40,258,
259,marshtomp,blue,water,ground,70,85,70,60,70,50,259,258.0
260,swampert,blue,water,ground,100,110,90,85,90,60,260,259.0
261,poochyena,gray,dark,dark,35,55,35,30,30,35,261,
262,mightyena,gray,dark,dark,70,90,70,60,60,70,262,261.0
263,zigzagoon,brown,normal,normal,38,30,41,30,41,60,263,
264,linoone,white,normal,normal,78,70,61,50,61,100,264,263.0
265,wurmple,red,bug,bug,45,45,35,20,30,20,265,
266,silcoon,white,bug,bug,50,35,55,25,25,15,266,265.0
267,beautifly,yellow,bug,flying,60,70,50,100,50,65,267,266.0
268,cascoon,purple,bug,bug,50,35,55,25,25,15,268,265.0
269,dustox,green,bug,poison,60,50,70,50,90,65,269,268.0
270,lotad,green,water,grass,40,30,30,40,50,30,270,
271,lombre,green,water,grass,60,50,50,60,70,50,271,270.0
272,ludicolo,green,water,grass,80,70,70,90,100,70,272,271.0
273,seedot,brown,grass,grass,40,40,50,30,30,30,273,
274,nuzleaf,brown,grass,dark,70,70,40,60,40,60,274,273.0
275,shiftry,brown,grass,dark,90,100,60,90,60,80,275,274.0
276,taillow,blue,normal,flying,40,55,30,30,30,85,276,
277,swellow,blue,normal,flying,60,85,60,75,50,125,277,276.0
278,wingull,white,water,flying,40,30,30,55,30,85,278,
279,pelipper,yellow,water,flying,60,50,100,95,70,65,279,278.0
280,ralts,white,psychic,fairy,28,25,25,45,35,40,280,
281,kirlia,white,psychic,fairy,38,35,35,65,55,50,281,280.0
282,gardevoir,white,psychic,fairy,68,65,65,125,115,80,282,281.0
283,surskit,blue,bug,water,40,30,32,50,52,65,283,
284,masquerain,blue,bug,flying,70,60,62,100,82,80,284,283.0
285,shroomish,brown,grass,grass,60,40,60,40,60,35,285,
286,breloom,green,grass,fighting,60,130,80,60,60,70,286,285.0
287,slakoth,brown,normal,normal,60,60,60,35,35,30,287,
288,vigoroth,white,normal,normal,80,80,80,55,55,90,288,287.0
289,slaking,brown,normal,normal,150,160,100,95,65,100,289,288.0
290,nincada,gray,bug,ground,31,45,90,30,30,40,290,
291,ninjask,yellow,bug,flying,61,90,45,50,50,160,291,290.0
292,shedinja,brown,bug,ghost,1,90,45,30,30,40,292,290.0
293,whismur,pink,normal,normal,64,51,23,51,23,28,293,
294,loudred,blue,normal,normal,84,71,43,71,43,48,294,293.0
295,exploud,blue,normal,normal,104,91,63,91,73,68,295,294.0
296,makuhita,yellow,fighting,fighting,72,60,30,20,30,25,296,
297,hariyama,brown,fighting,fighting,144,120,60,40,60,50,297,296.0
298,azurill,blue,normal,fairy,50,20,40,20,40,20,298,
299,nosepass,gray,rock,rock,30,45,135,45,90,30,299,
300,skitty,pink,normal,normal,50,45,45,35,35,50,300,
301,delcatty,purple,normal,normal,70,65,65,55,55,90,301,300.0
302,sableye,purple,dark,ghost,50,75,75,65,65,50,302,
303,mawile,black,steel,fairy,50,85,85,55,55,50,303,
304,aron,gray,steel,rock,50,70,100,40,40,30,304,
305,lairon,gray,steel,rock,60,90,140,50,50,40,305,304.0
306,aggron,gray,steel,rock,70,110,180,60,60,50,306,305.0
307,meditite,blue,fighting,psychic,30,40,55,40,55,60,307,
308,medicham,red,fighting,psychic,60,60,75,60,75,80,308,307.0
309,electrike,green,electric,electric,40,45,40,65,40,65,309,
310,manectric,yellow,electric,electric,70,75,60,105,60,105,310,309.0
311,plusle,yellow,electric,electric,60,50,40,85,75,95,311,
312,minun,yellow,electric,electric,60,40,50,75,85,95,312,
313,volbeat,gray,bug,bug,65,73,75,47,85,85,313,
314,illumise,purple,bug,bug,65,47,75,73,85,85,314,
315,roselia,green,grass,poison,50,60,45,100,80,65,315,406.0
316,gulpin,green,poison,poison,70,43,53,43,53,40,316,
317,swalot,purple,poison,poison,100,73,83,73,83,55,317,316.0
318,carvanha,red,water,dark,45,90,20,65,20,65,318,
319,sharpedo,blue,water,dark,70,120,40,95,40,95,319,318.0
320,wailmer,blue,water,water,130,70,35,70,35,60,320,
321,wailord,blue,water,water,170,90,45,90,45,60,321,320.0
322,numel,yellow,fire,ground,60,60,40,65,45,35,322,
323,camerupt,red,fire,ground,70,100,70,105,75,40,323,322.0
324,torkoal,brown,fire,fire,70,85,140,85,70,20,324,
325,spoink,black,psychic,psychic,60,25,35,70,80,60,325,
326,grumpig,purple,psychic,psychic,80,45,65,90,110,80,326,325.0
327,spinda,brown,normal,normal,60,60,60,60,60,60,327,
328,trapinch,brown,ground,ground,45,100,45,45,45,10,328,
329,vibrava,green,ground,dragon,50,70,50,50,50,70,329,328.0
330,flygon,green,ground,dragon,80,100,80,80,80,100,330,329.0
331,cacnea,green,grass,grass,50,85,40,85,40,35,331,
332,cacturne,green,grass,dark,70,115,60,115,60,55,332,331.0
333,swablu,blue,normal,flying,45,40,60,40,75,50,333,
334,altaria,blue,dragon,flying,75,70,90,70,105,80,334,333.0
335,zangoose,white,normal,normal,73,115,60,60,60,90,335,
336,seviper,black,poison,poison,73,100,60,100,60,65,336,
337,lunatone,yellow,rock,psychic,90,55,65,95,85,70,337,
338,solrock,red,rock,psychic,90,95,85,55,65,70,338,
339,barboach,gray,water,ground,50,48,43,46,41,60,339,
340,whiscash,blue,water,ground,110,78,73,76,71,60,340,339.0
341,corphish,red,water,water,43,80,65,50,35,35,341,
342,crawdaunt,red,water,dark,63,120,85,90,55,55,342,341.0
343,baltoy,brown,ground,psychic,40,40,55,40,70,55,343,
344,claydol,black,ground,psychic,60,70,105,70,120,75,344,343.0
345,lileep,purple,rock,grass,66,41,77,61,87,23,345,
346,cradily,green,rock,grass,86,81,97,81,107,43,346,345.0
347,anorith,gray,rock,bug,45,95,50,40,50,75,347,
348,armaldo,gray,rock,bug,75,125,100,70,80,45,348,347.0
349,feebas,brown,water,water,20,15,20,10,55,80,349,
350,milotic,pink,water,water,95,60,79,100,125,81,350,349.0
351,castform,gray,normal,normal,70,70,70,70,70,70,351,
352,kecleon,green,normal,normal,60,90,70,60,120,40,352,
353,shuppet,black,ghost,ghost,44,75,35,63,33,45,353,
354,banette,black,ghost,ghost,64,115,65,83,63,65,354,353.0
355,duskull,black,ghost,ghost,20,40,90,30,90,25,355,
356,dusclops,black,ghost,ghost,40,70,130,60,130,25,356,355.0
357,tropius,green,grass,flying,99,68,83,72,87,51,357,
358,chimecho,blue,psychic,psychic,75,50,80,95,90,65,358,433.0
359,absol,white,dark,dark,65,130,60,75,60,75,359,
360,wynaut,blue,psychic,psychic,95,23,48,23,48,23,360,
361,snorunt,gray,ice,ice,50,50,50,50,50,50,361,
362,glalie,gray,ice,ice,80,80,80,80,80,80,362,361.0
363,spheal,blue,ice,water,70,40,50,55,50,25,363,
364,sealeo,blue,ice,water,90,60,70,75,70,45,364,363.0
365,walrein,blue,ice,water,110,80,90,95,90,65,365,364.0
366,clamperl,blue,water,water,35,64,85,74,55,32,366,
367,huntail,blue,water,water,55,104,105,94,75,52,367,366.0
368,gorebyss,pink,water,water,55,84,105,114,75,52,368,366.0
369,relicanth,gray,water,rock,100,90,130,45,65,55,369,
370,luvdisc,pink,water,water,43,30,55,40,65,97,370,
371,bagon,blue,dragon,dragon,45,75,60,40,30,50,371,
372,shelgon,white,dragon,dragon,65,95,100,60,50,50,372,371.0
373,salamence,blue,dragon,flying,95,135,80,110,80,100,373,372.0
374,beldum,blue,steel,psychic,40,55,80,35,60,30,374,
375,metang,blue,steel,psychic,60,75,100,55,80,50,375,374.0
376,metagross,blue,steel,psychic,80,135,130,95,90,70,376,375.0
377,regirock,brown,rock,rock,80,100,200,50,100,50,377,
378,regice,blue,ice,ice,80,50,100,100,200,50,378,
379,registeel,gray,steel,steel,80,75,150,75,150,50,379,
380,latias,red,dragon,psychic,80,80,90,110,130,110,380,
381,latios,blue,dragon,psychic,80,90,80,130,110,110,381,
382,kyogre,blue,water,water,100,100,90,150,140,90,382,
383,groudon,red,ground,ground,100,150,140,100,90,90,383,
384,rayquaza,green,dragon,flying,105,150,90,150,90,95,384,
385,jirachi,yellow,steel,psychic,100,100,100,100,100,100,385,
386,deoxys-normal,red,psychic,psychic,50,150,50,150,50,150,386,
387,turtwig,green,grass,grass,55,68,64,45,55,31,387,
388,grotle,green,grass,grass,75,89,85,55,65,36,388,387.0
389,torterra,green,grass,ground,95,109,105,75,85,56,389,388.0
390,chimchar,brown,fire,fire,44,58,44,58,44,61,390,
391,monferno,brown,fire,fighting,64,78,52,78,52,81,391,390.0
392,infernape,brown,fire,fighting,76,104,71,104,71,108,392,391.0
393,piplup,blue,water,water,53,51,53,61,56,40,393,
394,prinplup,blue,water,water,64,66,68,81,76,50,394,393.0
395,empoleon,blue,water,steel,84,86,88,111,101,60,395,394.0
396,starly,brown,normal,flying,40,55,30,30,30,60,396,
397,staravia,brown,normal,flying,55,75,50,40,40,80,397,396.0
398,staraptor,brown,normal,flying,85,120,70,50,60,100,398,397.0
399,bidoof,brown,normal,normal,59,45,40,35,40,31,399,
400,bibarel,brown,normal,water,79,85,60,55,60,71,400,399.0
401,kricketot,red,bug,bug,37,25,41,25,41,25,401,
402,kricketune,red,bug,bug,77,85,51,55,51,65,402,401.0
403,shinx,blue,electric,electric,45,65,34,40,34,45,403,
404,luxio,blue,electric,electric,60,85,49,60,49,60,404,403.0
405,luxray,blue,electric,electric,80,120,79,95,79,70,405,404.0
406,budew,green,grass,poison,40,30,35,50,70,55,406,
407,roserade,green,grass,poison,60,70,65,125,105,90,407,315.0
408,cranidos,blue,rock,rock,67,125,40,30,30,58,408,
409,rampardos,blue,rock,rock,97,165,60,65,50,58,409,408.0
410,shieldon,gray,rock,steel,30,42,118,42,88,30,410,
411,bastiodon,gray,rock,steel,60,52,168,47,138,30,411,410.0
412,burmy,green,bug,bug,40,29,45,29,45,36,412,
413,wormadam-plant,green,bug,grass,60,59,85,79,105,36,413,412.0
414,mothim,yellow,bug,flying,70,94,50,94,50,66,414,412.0
415,combee,yellow,bug,flying,30,30,42,30,42,70,415,
416,vespiquen,yellow,bug,flying,70,80,102,80,102,40,416,415.0
417,pachirisu,white,electric,electric,60,45,70,45,90,95,417,
418,buizel,brown,water,water,55,65,35,60,30,85,418,
419,floatzel,brown,water,water,85,105,55,85,50,115,419,418.0
420,cherubi,pink,grass,grass,45,35,45,62,53,35,420,
421,cherrim,purple,grass,grass,70,60,70,87,78,85,421,420.0
422,shellos,purple,water,water,76,48,48,57,62,34,422,
423,gastrodon,purple,water,ground,111,83,68,92,82,39,423,422.0
424,ambipom,purple,normal,normal,75,100,66,60,66,115,424,190.0
425,drifloon,purple,ghost,flying,90,50,34,60,44,70,425,
426,drifblim,purple,ghost,flying,150,80,44,90,54,80,426,425.0
427,buneary,brown,normal,normal,55,66,44,44,56,85,427,
428,lopunny,brown,normal,normal,65,76,84,54,96,105,428,427.0
429,mismagius,purple,ghost,ghost,60,60,60,105,105,105,429,200.0
430,honchkrow,black,dark,flying,100,125,52,105,52,71,430,198.0
431,glameow,gray,normal,normal,49,55,42,42,37,85,431,
432,purugly,gray,normal,normal,71,82,64,64,59,112,432,431.0
433,chingling,yellow,psychic,psychic,45,30,50,65,50,45,433,
434,stunky,purple,poison,dark,63,63,47,41,41,74,434,
435,skuntank,purple,poison,dark,103,93,67,71,61,84,435,434.0
436,bronzor,green,steel,psychic,57,24,86,24,86,23,436,
437,bronzong,green,steel,psychic,67,89,116,79,116,33,437,436.0
438,bonsly,brown,rock,rock,50,80,95,10,45,10,438,
439,mime-jr,pink,psychic,fairy,20,25,45,70,90,60,439,
440,happiny,pink,normal,normal,100,5,5,15,65,30,440,
441,chatot,black,normal,flying,76,65,45,92,42,91,441,
442,spiritomb,purple,ghost,dark,50,92,108,92,108,35,442,
443,gible,blue,dragon,ground,58,70,45,40,45,42,443,
444,gabite,blue,dragon,ground,68,90,65,50,55,82,444,443.0
445,garchomp,blue,dragon,ground,108,130,95,80,85,102,445,444.0
446,munchlax,black,normal,normal,135,85,40,40,85,5,446,
447,riolu,blue,fighting,fighting,40,70,40,35,40,60,447,
448,lucario,blue,fighting,steel,70,110,70,115,70,90,448,447.0
449,hippopotas,brown,ground,ground,68,72,78,38,42,32,449,
450,hippowdon,brown,ground,ground,108,112,118,68,72,47,450,449.0
451,skorupi,purple,poison,bug,40,50,90,30,55,65,451,
452,drapion,purple,poison,dark,70,90,110,60,75,95,452,451.0
453,croagunk,blue,poison,fighting,48,61,40,61,40,50,453,
454,toxicroak,blue,poison,fighting,83,106,65,86,65,85,454,453.0
455,carnivine,green,grass,grass,74,100,72,90,72,46,455,
456,finneon,blue,water,water,49,49,56,49,61,66,456,
457,lumineon,blue,water,water,69,69,76,69,86,91,457,456.0
458,mantyke,blue,water,flying,45,20,50,60,120,50,458,
459,snover,white,grass,ice,60,62,50,62,60,40,459,
460,abomasnow,white,grass,ice,90,92,75,92,85,60,460,459.0
461,weavile,black,dark,ice,70,120,65,45,85,125,461,215.0
462,magnezone,gray,electric,steel,70,70,115,130,90,60,462,82.0
463,lickilicky,pink,normal,normal,110,85,95,80,95,50,463,108.0
464,rhyperior,gray,ground,rock,115,140,130,55,55,40,464,112.0
465,tangrowth,blue,grass,grass,100,100,125,110,50,50,465,114.0
466,electivire,yellow,electric,electric,75,123,67,95,85,95,466,125.0
467,magmortar,red,fire,fire,75,95,67,125,95,83,467,126.0
468,togekiss,white,fairy,flying,85,50,95,120,115,80,468,176.0
469,yanmega,green,bug,flying,86,76,86,116,56,95,469,193.0
470,leafeon,green,grass,grass,65,110,130,60,65,95,470,133.0
471,glaceon,blue,ice,ice,65,60,110,130,95,65,471,133.0
472,gliscor,purple,ground,flying,75,95,125,45,75,95,472,207.0
473,mamoswine,brown,ice,ground,110,130,80,70,60,80,473,221.0
474,porygon-z,red,normal,normal,85,80,70,135,75,90,474,233.0
475,gallade,white,psychic,fighting,68,125,65,65,115,80,475,281.0
476,probopass,gray,rock,steel,60,55,145,75,150,40,476,299.0
477,dusknoir,black,ghost,ghost,45,100,135,65,135,45,477,356.0
478,froslass,white,ice,ghost,70,80,70,80,70,110,478,361.0
479,rotom,red,electric,ghost,50,50,77,95,77,91,479,
480,uxie,yellow,psychic,psychic,75,75,130,75,130,95,480,
481,mesprit,pink,psychic,psychic,80,105,105,105,105,80,481,
482,azelf,blue,psychic,psychic,75,125,70,125,70,115,482,
483,dialga,white,steel,dragon,100,120,120,150,100,90,483,
484,palkia,purple,water,dragon,90,120,100,150,120,100,484,
485,heatran,brown,fire,steel,91,90,106,130,106,77,485,
486,regigigas,white,normal,normal,110,160,110,80,110,100,486,
487,giratina-altered,black,ghost,dragon,150,100,120,100,120,90,487,
488,cresselia,yellow,psychic,psychic,120,70,120,75,130,85,488,
489,phione,blue,water,water,80,80,80,80,80,80,489,
490,manaphy,blue,water,water,100,100,100,100,100,100,490,
491,darkrai,black,dark,dark,70,90,90,135,90,125,491,
492,shaymin-land,green,grass,grass,100,100,100,100,100,100,492,
493,arceus,white,normal,normal,120,120,120,120,120,120,493,
494,victini,yellow,psychic,fire,100,100,100,100,100,100,494,
495,snivy,green,grass,grass,45,45,55,45,55,63,495,
496,servine,green,grass,grass,60,60,75,60,75,83,496,495.0
497,serperior,green,grass,grass,75,75,95,75,95,113,497,496.0
498,tepig,red,fire,fire,65,63,45,45,45,45,498,
499,pignite,red,fire,fighting,90,93,55,70,55,55,499,498.0
500,emboar,red,fire,fighting,110,123,65,100,65,65,500,499.0
501,oshawott,blue,water,water,55,55,45,63,45,45,501,
502,dewott,blue,water,water,75,75,60,83,60,60,502,501.0
503,samurott,blue,water,water,95,100,85,108,70,70,503,502.0
504,patrat,brown,normal,normal,45,55,39,35,39,42,504,
505,watchog,brown,normal,normal,60,85,69,60,69,77,505,504.0
506,lillipup,brown,normal,normal,45,60,45,25,45,55,506,
507,herdier,gray,normal,normal,65,80,65,35,65,60,507,506.0
508,stoutland,gray,normal,normal,85,110,90,45,90,80,508,507.0
509,purrloin,purple,dark,dark,41,50,37,50,37,66,509,
510,liepard,purple,dark,dark,64,88,50,88,50,106,510,509.0
511,pansage,green,grass,grass,50,53,48,53,48,64,511,
512,simisage,green,grass,grass,75,98,63,98,63,101,512,511.0
513,pansear,red,fire,fire,50,53,48,53,48,64,513,
514,simisear,red,fire,fire,75,98,63,98,63,101,514,513.0
515,panpour,blue,water,water,50,53,48,53,48,64,515,
516,simipour,blue,water,water,75,98,63,98,63,101,516,515.0
517,munna,pink,psychic,psychic,76,25,45,67,55,24,517,
518,musharna,pink,psychic,psychic,116,55,85,107,95,29,518,517.0
519,pidove,gray,normal,flying,50,55,50,36,30,43,519,
520,tranquill,gray,normal,flying,62,77,62,50,42,65,520,519.0
521,unfezant,gray,normal,flying,80,115,80,65,55,93,521,520.0
522,blitzle,black,electric,electric,45,60,32,50,32,76,522,
523,zebstrika,black,electric,electric,75,100,63,80,63,116,523,522.0
524,roggenrola,blue,rock,rock,55,75,85,25,25,15,524,
525,boldore,blue,rock,rock,70,105,105,50,40,20,525,524.0
526,gigalith,blue,rock,rock,85,135,130,60,80,25,526,525.0
527,woobat,blue,psychic,flying,65,45,43,55,43,72,527,
528,swoobat,blue,psychic,flying,67,57,55,77,55,114,528,527.0
529,drilbur,gray,ground,ground,60,85,40,30,45,68,529,
530,excadrill,gray,ground,steel,110,135,60,50,65,88,530,529.0
531,audino,pink,normal,normal,103,60,86,60,86,50,531,
532,timburr,gray,fighting,fighting,75,80,55,25,35,35,532,
533,gurdurr,gray,fighting,fighting,85,105,85,40,50,40,533,532.0
534,conkeldurr,brown,fighting,fighting,105,140,95,55,65,45,534,533.0
535,tympole,blue,water,water,50,50,40,50,40,64,535,
536,palpitoad,blue,water,ground,75,65,55,65,55,69,536,535.0
537,seismitoad,blue,water,ground,105,95,75,85,75,74,537,536.0
538,throh,red,fighting,fighting,120,100,85,30,85,45,538,
539,sawk,blue,fighting,fighting,75,125,75,30,75,85,539,
540,sewaddle,yellow,bug,grass,45,53,70,40,60,42,540,
541,swadloon,green,bug,grass,55,63,90,50,80,42,541,540.0
542,leavanny,yellow,bug,grass,75,103,80,70,80,92,542,541.0
543,venipede,red,bug,poison,30,45,59,30,39,57,543,
544,whirlipede,gray,bug,poison,40,55,99,40,79,47,544,543.0
545,scolipede,red,bug,poison,60,100,89,55,69,112,545,544.0
546,cottonee,green,grass,fairy,40,27,60,37,50,66,546,
547,whimsicott,green,grass,fairy,60,67,85,77,75,116,547,546.0
548,petilil,green,grass,grass,45,35,50,70,50,30,548,
549,lilligant,green,grass,grass,70,60,75,110,75,90,549,548.0
550,basculin-red-striped,green,water,water,70,92,65,80,55,98,550,
551,sandile,brown,ground,dark,50,72,35,35,35,65,551,
552,krokorok,brown,ground,dark,60,82,45,45,45,74,552,551.0
553,krookodile,red,ground,dark,95,117,80,65,70,92,553,552.0
554,darumaka,red,fire,fire,70,90,45,15,45,50,554,
555,darmanitan-standard,red,fire,fire,105,140,55,30,55,95,555,554.0
556,maractus,green,grass,grass,75,86,67,106,67,60,556,
557,dwebble,red,bug,rock,50,65,85,35,35,55,557,
558,crustle,red,bug,rock,70,105,125,65,75,45,558,557.0
559,scraggy,yellow,dark,fighting,50,75,70,35,70,48,559,
560,scrafty,red,dark,fighting,65,90,115,45,115,58,560,559.0
561,sigilyph,black,psychic,flying,72,58,80,103,80,97,561,
562,yamask,black,ghost,ghost,38,30,85,55,65,30,562,
563,cofagrigus,yellow,ghost,ghost,58,50,145,95,105,30,563,562.0
564,tirtouga,blue,water,rock,54,78,103,53,45,22,564,
565,carracosta,blue,water,rock,74,108,133,83,65,32,565,564.0
566,archen,yellow,rock,flying,55,112,45,74,45,70,566,
567,archeops,yellow,rock,flying,75,140,65,112,65,110,567,566.0
568,trubbish,green,poison,poison,50,50,62,40,62,65,568,
569,garbodor,green,poison,poison,80,95,82,60,82,75,569,568.0
570,zorua,gray,dark,dark,40,65,40,80,40,65,570,
571,zoroark,gray,dark,dark,60,105,60,120,60,105,571,570.0
572,minccino,gray,normal,normal,55,50,40,40,40,75,572,
573,cinccino,gray,normal,normal,75,95,60,65,60,115,573,572.0
574,gothita,purple,psychic,psychic,45,30,50,55,65,45,574,
575,gothorita,purple,psychic,psychic,60,45,70,75,85,55,575,574.0
576,gothitelle,purple,psychic,psychic,70,55,95,95,110,65,576,575.0
577,solosis,green,psychic,psychic,45,30,40,105,50,20,577,
578,duosion,green,psychic,psychic,65,40,50,125,60,30,578,577.0
579,reuniclus,green,psychic,psychic,110,65,75,125,85,30,579,578.0
580,ducklett,blue,water,flying,62,44,50,44,50,55,580,
581,swanna,white,water,flying,75,87,63,87,63,98,581,580.0
582,vanillite,white,ice,ice,36,50,50,65,60,44,582,
583,vanillish,white,ice,ice,51,65,65,80,75,59,583,582.0
584,vanilluxe,white,ice,ice,71,95,85,110,95,79,584,583.0
585,deerling,pink,normal,grass,60,60,50,40,50,75,585,
586,sawsbuck,brown,normal,grass,80,100,70,60,70,95,586,585.0
587,emolga,white,electric,flying,55,75,60,75,60,103,587,
588,karrablast,blue,bug,bug,50,75,45,40,45,60,588,
589,escavalier,gray,bug,steel,70,135,105,60,105,20,589,588.0
590,foongus,white,grass,poison,69,55,45,55,55,15,590,
591,amoonguss,white,grass,poison,114,85,70,85,80,30,591,590.0
592,frillish,white,water,ghost,55,40,50,65,85,40,592,
593,jellicent,white,water,ghost,100,60,70,85,105,60,593,592.0
594,alomomola,pink,water,water,165,75,80,40,45,65,594,
595,joltik,yellow,bug,electric,50,47,50,57,50,65,595,
596,galvantula,yellow,bug,electric,70,77,60,97,60,108,596,595.0
597,ferroseed,gray,grass,steel,44,50,91,24,86,10,597,
598,ferrothorn,gray,grass,steel,74,94,131,54,116,20,598,597.0
599,klink,gray,steel,steel,40,55,70,45,60,30,599,
600,klang,gray,steel,steel,60,80,95,70,85,50,600,599.0
601,klinklang,gray,steel,steel,60,100,115,70,85,90,601,600.0
602,tynamo,white,electric,electric,35,55,40,45,40,60,602,
603,eelektrik,blue,electric,electric,65,85,70,75,70,40,603,602.0
604,eelektross,blue,electric,electric,85,115,80,105,80,50,604,603.0
605,elgyem,blue,psychic,psychic,55,55,55,85,55,30,605,
606,beheeyem,brown,psychic,psychic,75,75,75,125,95,40,606,605.0
607,litwick,white,ghost,fire,50,30,55,65,55,20,607,
608,lampent,black,ghost,fire,60,40,60,95,60,55,608,607.0
609,chandelure,black,ghost,fire,60,55,90,145,90,80,609,608.0
610,axew,green,dragon,dragon,46,87,60,30,40,57,610,
611,fraxure,green,dragon,dragon,66,117,70,40,50,67,611,610.0
612,haxorus,yellow,dragon,dragon,76,147,90,60,70,97,612,611.0
613,cubchoo,white,ice,ice,55,70,40,60,40,40,613,
614,beartic,white,ice,ice,95,130,80,70,80,50,614,613.0
615,cryogonal,blue,ice,ice,80,50,50,95,135,105,615,
616,shelmet,red,bug,bug,50,40,85,40,65,25,616,
617,accelgor,red,bug,bug,80,70,40,100,60,145,617,616.0
618,stunfisk,brown,ground,electric,109,66,84,81,99,32,618,
619,mienfoo,yellow,fighting,fighting,45,85,50,55,50,65,619,
620,mienshao,purple,fighting,fighting,65,125,60,95,60,105,620,619.0
621,druddigon,red,dragon,dragon,77,120,90,60,90,48,621,
622,golett,green,ground,ghost,59,74,50,35,50,35,622,
623,golurk,green,ground,ghost,89,124,80,55,80,55,623,622.0
624,pawniard,red,dark,steel,45,85,70,40,40,60,624,
625,bisharp,red,dark,steel,65,125,100,60,70,70,625,624.0
626,bouffalant,brown,normal,normal,95,110,95,40,95,55,626,
627,rufflet,white,normal,flying,70,83,50,37,50,60,627,
628,braviary,red,normal,flying,100,123,75,57,75,80,628,627.0
629,vullaby,brown,dark,flying,70,55,75,45,65,60,629,
630,mandibuzz,brown,dark,flying,110,65,105,55,95,80,630,629.0
631,heatmor,red,fire,fire,85,97,66,105,66,65,631,
632,durant,gray,bug,steel,58,109,112,48,48,109,632,
633,deino,blue,dark,dragon,52,65,50,45,50,38,633,
634,zweilous,blue,dark,dragon,72,85,70,65,70,58,634,633.0
635,hydreigon,blue,dark,dragon,92,105,90,125,90,98,635,634.0
636,larvesta,white,bug,fire,55,85,55,50,55,60,636,
637,volcarona,white,bug,fire,85,60,65,135,105,100,637,636.0
638,cobalion,blue,steel,fighting,91,90,129,90,72,108,638,
639,terrakion,gray,rock,fighting,91,129,90,72,90,108,639,
640,virizion,green,grass,fighting,91,90,72,90,129,108,640,
641,tornadus-incarnate,green,flying,flying,79,115,70,125,80,111,641,
642,thundurus-incarnate,blue,electric,flying,79,115,70,125,80,111,642,
643,reshiram,white,dragon,fire,100,120,100,150,120,90,643,
644,zekrom,black,dragon,electric,100,150,120,120,100,90,644,
645,landorus-incarnate,brown,ground,flying,89,125,90,115,80,101,645,
646,kyurem,gray,dragon,ice,125,130,90,130,90,95,646,
647,keldeo-ordinary,yellow,water,fighting,91,72,90,129,90,108,647,
648,meloetta-aria,white,normal,psychic,100,77,77,128,128,90,648,
649,genesect,purple,bug,steel,71,120,95,120,95,99,649,
650,chespin,green,grass,grass,56,61,65,48,45,38,650,
651,quilladin,green,grass,grass,61,78,95,56,58,57,651,650.0
652,chesnaught,green,grass,fighting,88,107,122,74,75,64,652,651.0
653,fennekin,red,fire,fire,40,45,40,62,60,60,653,
654,braixen,red,fire,fire,59,59,58,90,70,73,654,653.0
655,delphox,red,fire,psychic,75,69,72,114,100,104,655,654.0
656,froakie,blue,water,water,41,56,40,62,44,71,656,
657,frogadier,blue,water,water,54,63,52,83,56,97,657,656.0
658,greninja,blue,water,dark,72,95,67,103,71,122,658,657.0
659,bunnelby,brown,normal,normal,38,36,38,32,36,57,659,
660,diggersby,brown,normal,ground,85,56,77,50,77,78,660,659.0
661,fletchling,red,normal,flying,45,50,43,40,38,62,661,
662,fletchinder,red,fire,flying,62,73,55,56,52,84,662,661.0
663,talonflame,red,fire,flying,78,81,71,74,69,126,663,662.0
664,scatterbug,black,bug,bug,38,35,40,27,25,35,664,
665,spewpa,black,bug,bug,45,22,60,27,30,29,665,664.0
666,vivillon,white,bug,flying,80,52,50,90,50,89,666,665.0
667,litleo,brown,fire,normal,62,50,58,73,54,72,667,
668,pyroar,brown,fire,normal,86,68,72,109,66,106,668,667.0
669,flabebe,white,fairy,fairy,44,38,39,61,79,42,669,
670,floette,white,fairy,fairy,54,45,47,75,98,52,670,669.0
671,florges,white,fairy,fairy,78,65,68,112,154,75,671,670.0
672,skiddo,brown,grass,grass,66,65,48,62,57,52,672,
673,gogoat,brown,grass,grass,123,100,62,97,81,68,673,672.0
674,pancham,white,fighting,fighting,67,82,62,46,48,43,674,
675,pangoro,white,fighting,dark,95,124,78,69,71,58,675,674.0
676,furfrou,white,normal,normal,75,80,60,65,90,102,676,
677,espurr,gray,psychic,psychic,62,48,54,63,60,68,677,
678,meowstic-male,blue,psychic,psychic,74,48,76,83,81,104,678,677.0
679,honedge,brown,steel,ghost,45,80,100,35,37,28,679,
680,doublade,brown,steel,ghost,59,110,150,45,49,35,680,679.0
681,aegislash-shield,brown,steel,ghost,60,50,140,50,140,60,681,680.0
682,spritzee,pink,fairy,fairy,78,52,60,63,65,23,682,
683,aromatisse,pink,fairy,fairy,101,72,72,99,89,29,683,682.0
684,swirlix,white,fairy,fairy,62,48,66,59,57,49,684,
685,slurpuff,white,fairy,fairy,82,80,86,85,75,72,685,684.0
686,inkay,blue,dark,psychic,53,54,53,37,46,45,686,
687,malamar,blue,dark,psychic,86,92,88,68,75,73,687,686.0
688,binacle,brown,rock,water,42,52,67,39,56,50,688,
689,barbaracle,brown,rock,water,72,105,115,54,86,68,689,688.0
690,skrelp,brown,poison,water,50,60,60,60,60,30,690,
691,dragalge,brown,poison,dragon,65,75,90,97,123,44,691,690.0
692,clauncher,blue,water,water,50,53,62,58,63,44,692,
693,clawitzer,blue,water,water,71,73,88,120,89,59,693,692.0
694,helioptile,yellow,electric,normal,44,38,33,61,43,70,694,
695,heliolisk,yellow,electric,normal,62,55,52,109,94,109,695,694.0
696,tyrunt,brown,rock,dragon,58,89,77,45,45,48,696,
697,tyrantrum,red,rock,dragon,82,121,119,69,59,71,697,696.0
698,amaura,blue,rock,ice,77,59,50,67,63,46,698,
699,aurorus,blue,rock,ice,123,77,72,99,92,58,699,698.0
700,sylveon,pink,fairy,fairy,95,65,65,110,130,60,700,133.0
701,hawlucha,green,fighting,flying,78,92,75,74,63,118,701,
702,dedenne,yellow,electric,fairy,67,58,57,81,67,101,702,
703,carbink,gray,rock,fairy,50,50,150,50,150,50,703,
704,goomy,purple,dragon,dragon,45,50,35,55,75,40,704,
705,sliggoo,purple,dragon,dragon,68,75,53,83,113,60,705,704.0
706,goodra,purple,dragon,dragon,90,100,70,110,150,80,706,705.0
707,klefki,gray,steel,fairy,57,80,91,80,87,75,707,
708,phantump,brown,ghost,grass,43,70,48,50,60,38,708,
709,trevenant,brown,ghost,grass,85,110,76,65,82,56,709,708.0
710,pumpkaboo-average,brown,ghost,grass,49,66,70,44,55,51,710,
711,gourgeist-average,brown,ghost,grass,65,90,122,58,75,84,711,710.0
712,bergmite,blue,ice,ice,55,69,85,32,35,28,712,
713,avalugg,blue,ice,ice,95,117,184,44,46,28,713,712.0
714,noibat,purple,flying,dragon,40,30,35,45,40,55,714,
715,noivern,purple,flying,dragon,85,70,80,97,80,123,715,714.0
716,xerneas,blue,fairy,fairy,126,131,95,131,98,99,716,
717,yveltal,red,dark,flying,126,131,95,131,98,99,717,
718,zygarde-50,green,dragon,ground,108,100,121,81,95,95,718,
719,diancie,pink,rock,fairy,50,100,150,100,150,50,719,
720,hoopa,purple,psychic,ghost,80,110,60,150,130,70,720,
721,volcanion,brown,fire,water,80,110,120,130,90,70,721,
722,rowlet,brown,grass,flying,68,55,55,50,50,42,722,
723,dartrix,brown,grass,flying,78,75,75,70,70,52,723,722.0
724,decidueye,brown,grass,ghost,78,107,75,100,100,70,724,723.0
725,litten,red,fire,fire,45,65,40,60,40,70,725,
726,torracat,red,fire,fire,65,85,50,80,50,90,726,725.0
727,incineroar,red,fire,dark,95,115,90,80,90,60,727,726.0
728,popplio,blue,water,water,50,54,54,66,56,40,728,
729,brionne,blue,water,water,60,69,69,91,81,50,729,728.0
730,primarina,blue,water,fairy,80,74,74,126,116,60,730,729.0
731,pikipek,black,normal,flying,35,75,30,30,30,65,731,
732,trumbeak,black,normal,flying,55,85,50,40,50,75,732,731.0
733,toucannon,black,normal,flying,80,120,75,75,75,60,733,732.0
734,yungoos,brown,normal,normal,48,70,30,30,30,45,734,
735,gumshoos,brown,normal,normal,88,110,60,55,60,45,735,734.0
736,grubbin,gray,bug,bug,47,62,45,55,45,46,736,
737,charjabug,green,bug,electric,57,82,95,55,75,36,737,736.0
738,vikavolt,blue,bug,electric,77,70,90,145,75,43,738,737.0
739,crabrawler,purple,fighting,fighting,47,82,57,42,47,63,739,
740,crabominable,white,fighting,ice,97,132,77,62,67,43,740,739.0
741,oricorio-baile,red,fire,flying,75,70,70,98,70,93,741,
742,cutiefly,yellow,bug,fairy,40,45,40,55,40,84,742,
743,ribombee,yellow,bug,fairy,60,55,60,95,70,124,743,742.0
744,rockruff,brown,rock,rock,45,65,40,30,40,60,744,
745,lycanroc-midday,brown,rock,rock,75,115,65,55,65,112,745,744.0
746,wishiwashi-solo,blue,water,water,45,20,20,25,25,40,746,
747,mareanie,blue,poison,water,50,53,62,43,52,45,747,
748,toxapex,blue,poison,water,50,63,152,53,142,35,748,747.0
749,mudbray,brown,ground,ground,70,100,70,45,55,45,749,
750,mudsdale,brown,ground,ground,100,125,100,55,85,35,750,749.0
751,dewpider,green,water,bug,38,40,52,40,72,27,751,
752,araquanid,green,water,bug,68,70,92,50,132,42,752,751.0
753,fomantis,pink,grass,grass,40,55,35,50,35,35,753,
754,lurantis,pink,grass,grass,70,105,90,80,90,45,754,753.0
755,morelull,purple,grass,fairy,40,35,55,65,75,15,755,
756,shiinotic,purple,grass,fairy,60,45,80,90,100,30,756,755.0
757,salandit,black,poison,fire,48,44,40,71,40,77,757,
758,salazzle,black,poison,fire,68,64,60,111,60,117,758,757.0
759,stufful,pink,normal,fighting,70,75,50,45,50,50,759,
760,bewear,pink,normal,fighting,120,125,80,55,60,60,760,759.0
761,bounsweet,purple,grass,grass,42,30,38,30,38,32,761,
762,steenee,purple,grass,grass,52,40,48,40,48,62,762,761.0
763,tsareena,purple,grass,grass,72,120,98,50,98,72,763,762.0
764,comfey,green,fairy,fairy,51,52,90,82,110,100,764,
765,oranguru,white,normal,psychic,90,60,80,90,110,60,765,
766,passimian,white,fighting,fighting,100,120,90,40,60,80,766,
767,wimpod,gray,bug,water,25,35,40,20,30,80,767,
768,golisopod,gray,bug,water,75,125,140,60,90,40,768,767.0
769,sandygast,brown,ghost,ground,55,55,80,70,45,15,769,
770,palossand,brown,ghost,ground,85,75,110,100,75,35,770,769.0
771,pyukumuku,black,water,water,55,60,130,30,130,5,771,
772,type-null,gray,normal,normal,95,95,95,95,95,59,772,
773,silvally,gray,normal,normal,95,95,95,95,95,95,773,772.0
774,minior-red-meteor,brown,rock,flying,60,60,100,60,100,60,774,
775,komala,blue,normal,normal,65,115,65,75,95,65,775,
776,turtonator,red,fire,dragon,60,78,135,91,85,36,776,
777,togedemaru,gray,electric,steel,65,98,63,40,73,96,777,
778,mimikyu-disguised,yellow,ghost,fairy,55,90,80,50,105,96,778,
779,bruxish,pink,water,psychic,68,105,70,70,70,92,779,
780,drampa,white,normal,dragon,78,60,85,135,91,36,780,
781,dhelmise,green,ghost,grass,70,131,100,86,90,40,781,
782,jangmo-o,gray,dragon,dragon,45,55,65,45,45,45,782,
783,hakamo-o,gray,dragon,fighting,55,75,90,65,70,65,783,782.0
784,kommo-o,gray,dragon,fighting,75,110,125,100,105,85,784,783.0
785,tapu-koko,yellow,electric,fairy,70,115,85,95,75,130,785,
786,tapu-lele,pink,psychic,fairy,70,85,75,130,115,95,786,
787,tapu-bulu,red,grass,fairy,70,130,115,85,95,75,787,
788,tapu-fini,purple,water,fairy,70,75,115,95,130,85,788,
789,cosmog,blue,psychic,psychic,43,29,31,29,31,37,789,
790,cosmoem,blue,psychic,psychic,43,29,131,29,131,37,790,789.0
791,solgaleo,white,psychic,steel,137,137,107,113,89,97,791,790.0
792,lunala,purple,psychic,ghost,137,113,89,137,107,97,792,790.0
793,nihilego,white,rock,poison,109,53,47,127,131,103,793,
794,buzzwole,red,bug,fighting,107,139,139,53,53,79,794,
795,pheromosa,white,bug,fighting,71,137,37,137,37,151,795,
796,xurkitree,black,electric,electric,83,89,71,173,71,83,796,
797,celesteela,green,steel,flying,97,101,103,107,101,61,797,
798,kartana,white,grass,steel,59,181,131,59,31,109,798,
799,guzzlord,black,dark,dragon,223,101,53,97,53,43,799,
800,necrozma,black,psychic,psychic,97,107,101,127,89,79,800,
801,magearna,gray,steel,fairy,80,95,115,130,115,65,801,
802,marshadow,gray,fighting,ghost,90,125,80,90,90,125,802,
803,poipole,purple,poison,poison,67,73,67,73,67,73,803,
804,naganadel,purple,poison,dragon,73,73,73,127,73,121,804,803.0
805,stakataka,gray,rock,steel,61,131,211,53,101,13,805,
806,blacephalon,white,fire,ghost,53,127,53,151,79,107,806,
807,zeraora,yellow,electric,electric,88,112,75,102,80,143,807,
808,meltan,gray,steel,steel,46,65,65,55,35,34,808,
809,melmetal,gray,steel,steel,135,143,143,80,65,34,809,808.0
810,grookey,green,grass,grass,50,65,50,40,40,65,810,
811,thwackey,green,grass,grass,70,85,70,55,60,80,811,810.0
812,rillaboom,green,grass,grass,100,125,90,60,70,85,812,811.0
813,scorbunny,white,fire,fire,50,71,40,40,40,69,813,
814,raboot,gray,fire,fire,65,86,60,55,60,94,814,813.0
815,cinderace,white,fire,fire,80,116,75,65,75,119,815,814.0
816,sobble,blue,water,water,50,40,40,70,40,70,816,
817,drizzile,blue,water,water,65,60,55,95,55,90,817,816.0
818,inteleon,blue,water,water,70,85,65,125,65,120,818,817.0
819,skwovet,brown,normal,normal,70,55,55,35,35,25,819,
820,greedent,brown,normal,normal,120,95,95,55,75,20,820,819.0
821,rookidee,blue,flying,flying,38,47,35,33,35,57,821,
822,corvisquire,blue,flying,flying,68,67,55,43,55,77,822,821.0
823,corviknight,purple,flying,steel,98,87,105,53,85,67,823,822.0
824,blipbug,blue,bug,bug,25,20,20,25,45,45,824,
825,dottler,yellow,bug,psychic,50,35,80,50,90,30,825,824.0
826,orbeetle,red,bug,psychic,60,45,110,80,120,90,826,825.0
827,nickit,brown,dark,dark,40,28,28,47,52,50,827,
828,thievul,brown,dark,dark,70,58,58,87,92,90,828,827.0
829,gossifleur,green,grass,grass,40,40,60,40,60,10,829,
830,eldegoss,green,grass,grass,60,50,90,80,120,60,830,829.0
831,wooloo,white,normal,normal,42,40,55,40,45,48,831,
832,dubwool,white,normal,normal,72,80,100,60,90,88,832,831.0
833,chewtle,green,water,water,50,64,50,38,38,44,833,
834,drednaw,green,water,rock,90,115,90,48,68,74,834,833.0
835,yamper,yellow,electric,electric,59,45,50,40,50,26,835,
836,boltund,yellow,electric,electric,69,90,60,90,60,121,836,835.0
837,rolycoly,black,rock,rock,30,40,50,40,50,30,837,
838,carkol,black,rock,fire,80,60,90,60,70,50,838,837.0
839,coalossal,black,rock,fire,110,80,120,80,90,30,839,838.0
840,applin,green,grass,dragon,40,40,80,40,40,20,840,
841,flapple,green,grass,dragon,70,110,80,95,60,70,841,840.0
842,appletun,green,grass,dragon,110,85,80,100,80,30,842,840.0
843,silicobra,green,ground,ground,52,57,75,35,50,46,843,
844,sandaconda,green,ground,ground,72,107,125,65,70,71,844,843.0
845,cramorant,blue,flying,water,70,85,55,85,95,85,845,
846,arrokuda,brown,water,water,41,63,40,40,30,66,846,
847,barraskewda,brown,water,water,61,123,60,60,50,136,847,846.0
848,toxel,purple,electric,poison,40,38,35,54,35,40,848,
849,toxtricity-amped,purple,electric,poison,75,98,70,114,70,75,849,848.0
850,sizzlipede,red,fire,bug,50,65,45,50,50,45,850,
851,centiskorch,red,fire,bug,100,115,65,90,90,65,851,850.0
852,clobbopus,brown,fighting,fighting,50,68,60,50,50,32,852,
853,grapploct,blue,fighting,fighting,80,118,90,70,80,42,853,852.0
854,sinistea,purple,ghost,ghost,40,45,45,74,54,50,854,
855,polteageist,purple,ghost,ghost,60,65,65,134,114,70,855,854.0
856,hatenna,pink,psychic,psychic,42,30,45,56,53,39,856,
857,hattrem,pink,psychic,psychic,57,40,65,86,73,49,857,856.0
858,hatterene,pink,psychic,fairy,57,90,95,136,103,29,858,857.0
859,impidimp,pink,dark,fairy,45,45,30,55,40,50,859,
860,morgrem,pink,dark,fairy,65,60,45,75,55,70,860,859.0
861,grimmsnarl,purple,dark,fairy,95,120,65,95,75,60,861,860.0
862,obstagoon,gray,dark,normal,93,90,101,60,81,95,862,264.0
863,perrserker,brown,steel,steel,70,110,100,50,60,50,863,52.0
864,cursola,white,ghost,ghost,60,95,50,145,130,30,864,222.0
865,sirfetchd,white,fighting,fighting,62,135,95,68,82,65,865,83.0
866,mr-rime,purple,ice,psychic,80,85,75,110,100,70,866,122.0
867,runerigus,gray,ground,ghost,58,95,145,50,105,30,867,562.0
868,milcery,white,fairy,fairy,45,40,40,50,61,34,868,
869,alcremie,white,fairy,fairy,65,60,75,110,121,64,869,868.0
870,falinks,yellow,fighting,fighting,65,100,100,70,60,75,870,
871,pincurchin,purple,electric,electric,48,101,95,91,85,15,871,
872,snom,white,ice,bug,30,25,35,45,30,20,872,
873,frosmoth,white,ice,bug,70,65,60,125,90,65,873,872.0
874,stonjourner,gray,rock,rock,100,125,135,20,20,70,874,
875,eiscue-ice,blue,ice,ice,75,80,110,65,90,50,875,
876,indeedee-male,purple,psychic,normal,60,65,55,105,95,95,876,
877,morpeko-full-belly,yellow,electric,dark,58,95,58,70,58,97,877,
878,cufant,yellow,steel,steel,72,80,49,40,49,40,878,
879,copperajah,green,steel,steel,122,130,69,80,69,30,879,878.0
880,dracozolt,green,electric,dragon,90,100,90,80,70,75,880,
881,arctozolt,blue,electric,ice,90,100,90,90,80,55,881,
882,dracovish,green,water,dragon,90,90,100,70,80,75,882,
883,arctovish,blue,water,ice,90,90,100,80,90,55,883,
884,duraludon,white,steel,dragon,70,95,115,120,50,85,884,
885,dreepy,green,dragon,ghost,28,60,30,40,30,82,885,
886,drakloak,green,dragon,ghost,68,80,50,60,50,102,886,885.0
887,dragapult,green,dragon,ghost,88,120,75,100,75,142,887,886.0
888,zacian,blue,fairy,fairy,92,130,115,80,115,138,888,
889,zamazenta,red,fighting,fighting,92,130,115,80,115,138,889,
890,eternatus,purple,poison,dragon,140,85,95,145,95,130,890,
891,kubfu,gray,fighting,fighting,60,90,60,53,50,72,891,
892,urshifu-single-strike,gray,fighting,dark,100,130,100,63,60,97,892,891.0
893,zarude,green,dark,grass,105,120,105,70,95,105,893,
894,regieleki,yellow,electric,electric,80,100,50,100,50,200,894,
895,regidrago,green,dragon,dragon,200,100,50,100,50,80,895,
896,glastrier,white,ice,ice,100,145,130,65,110,30,896,
897,spectrier,black,ghost,ghost,100,65,60,145,80,130,897,
898,calyrex,green,psychic,grass,100,80,80,80,80,80,898,
899,wyrdeer,gray,normal,psychic,103,105,72,105,75,65,899,234.0
900,kleavor,brown,bug,rock,70,135,95,45,70,85,900,123.0
901,ursaluna,brown,ground,normal,130,140,105,45,80,50,901,217.0
902,basculegion-male,green,water,ghost,120,112,65,80,75,78,902,550.0
903,sneasler,gray,fighting,poison,80,130,60,40,80,120,903,215.0
904,overqwil,black,dark,poison,85,115,95,65,65,85,904,211.0
905,enamorus-incarnate,pink,fairy,flying,74,115,70,135,80,106,905,
906,sprigatito,green,grass,grass,40,61,54,45,45,65,906,
907,floragato,green,grass,grass,61,80,63,60,63,83,907,906.0
908,meowscarada,green,grass,dark,76,110,70,81,70,123,908,907.0
909,fuecoco,red,fire,fire,67,45,59,63,40,36,909,
910,crocalor,red,fire,fire,81,55,78,90,58,49,910,909.0
911,skeledirge,red,fire,ghost,104,75,100,110,75,66,911,910.0
912,quaxly,white,water,water,55,65,45,50,45,50,912,
913,quaxwell,blue,water,water,70,85,65,65,60,65,913,912.0
914,quaquaval,blue,water,fighting,85,120,80,85,75,85,914,913.0
915,lechonk,gray,normal,normal,54,45,40,35,45,35,915,
916,oinkologne,gray,normal,normal,110,100,75,59,80,65,916,915.0
917,tarountula,white,bug,bug,35,41,45,29,40,20,917,
918,spidops,green,bug,bug,60,79,92,52,86,35,918,917.0
919,nymble,gray,bug,bug,33,46,40,21,25,45,919,
920,lokix,gray,bug,dark,71,102,78,52,55,92,920,919.0
921,pawmi,yellow,electric,electric,45,50,20,40,25,60,921,
922,pawmo,yellow,electric,fighting,60,75,40,50,40,85,922,921.0
923,pawmot,yellow,electric,fighting,70,115,70,70,60,105,923,922.0
924,tandemaus,white,normal,normal,50,50,45,40,45,75,924,
925,maushold,white,normal,normal,74,75,70,65,75,111,925,924.0
926,fidough,yellow,fairy,fairy,37,55,70,30,55,65,926,
927,dachsbun,brown,fairy,fairy,57,80,115,50,80,95,927,926.0
928,smoliv,green,grass,normal,41,35,45,58,51,30,928,
929,dolliv,green,grass,normal,52,53,60,78,78,33,929,928.0
930,arboliva,green,grass,normal,78,69,90,125,109,39,930,929.0
931,squawkabilly,green,normal,flying,82,96,51,45,51,92,931,
932,nacli,brown,rock,rock,55,55,75,35,35,25,932,
933,naclstack,brown,rock,rock,60,60,100,35,65,35,933,932.0
934,garganacl,brown,rock,rock,100,100,130,45,90,35,934,933.0
935,charcadet,red,fire,fire,40,50,40,50,40,35,935,
936,armarouge,red,fire,psychic,85,60,100,125,80,75,936,935.0
937,ceruledge,blue,fire,ghost,75,125,80,60,100,85,937,935.0
938,tadbulb,yellow,electric,electric,61,31,41,59,35,45,938,
939,bellibolt,green,electric,electric,109,64,91,103,83,45,939,938.0
940,wattrel,black,electric,flying,40,40,35,55,40,70,940,
941,kilowattrel,yellow,electric,flying,70,70,60,105,60,125,941,940.0
942,maschiff,brown,dark,dark,60,78,60,40,51,51,942,
943,mabosstiff,gray,dark,dark,80,120,90,60,70,85,943,942.0
944,shroodle,gray,poison,normal,40,65,35,40,35,75,944,
945,grafaiai,gray,poison,normal,63,95,65,80,72,110,945,944.0
946,bramblin,brown,grass,ghost,40,65,30,45,35,60,946,
947,brambleghast,brown,grass,ghost,55,115,70,80,70,90,947,946.0
948,toedscool,yellow,ground,grass,40,40,35,50,100,70,948,
949,toedscruel,black,ground,grass,80,70,65,80,120,100,949,948.0
950,klawf,red,rock,rock,70,100,115,35,55,75,950,
951,capsakid,green,grass,grass,50,62,40,62,40,50,951,
952,scovillain,green,grass,fire,65,108,65,108,65,75,952,951.0
953,rellor,brown,bug,bug,41,50,60,31,58,30,953,
954,rabsca,green,bug,psychic,75,50,85,115,100,45,954,953.0
955,flittle,yellow,psychic,psychic,30,35,30,55,30,75,955,
956,espathra,yellow,psychic,psychic,95,60,60,101,60,105,956,955.0
957,tinkatink,pink,fairy,steel,50,45,45,35,64,58,957,
958,tinkatuff,pink,fairy,steel,65,55,55,45,82,78,958,957.0
959,tinkaton,pink,fairy,steel,85,75,77,70,105,94,959,958.0
960,wiglett,white,water,water,10,55,25,35,25,95,960,
961,wugtrio,red,water,water,35,100,50,50,70,120,961,960.0
962,bombirdier,white,flying,dark,70,103,85,60,85,82,962,
963,finizen,blue,water,water,70,45,40,45,40,75,963,
964,palafin,blue,water,water,100,70,72,53,62,100,964,963.0
965,varoom,gray,steel,poison,45,70,63,30,45,47,965,
966,revavroom,gray,steel,poison,80,119,90,54,67,90,966,965.0
967,cyclizar,green,dragon,normal,70,95,65,85,65,121,967,
968,orthworm,pink,steel,steel,70,85,145,60,55,65,968,
969,glimmet,blue,rock,poison,48,35,42,105,60,60,969,
970,glimmora,blue,rock,poison,83,55,90,130,81,86,970,969.0
971,greavard,white,ghost,ghost,50,61,60,30,55,34,971,
972,houndstone,white,ghost,ghost,72,101,100,50,97,68,972,971.0
973,flamigo,pink,flying,fighting,82,115,74,75,64,90,973,
974,cetoddle,white,ice,ice,108,68,45,30,40,43,974,
975,cetitan,white,ice,ice,170,113,65,45,55,73,975,974.0
976,veluza,gray,water,psychic,90,102,73,78,65,70,976,
977,dondozo,blue,water,water,150,100,115,65,65,35,977,
978,tatsugiri,pink,dragon,water,68,50,60,120,95,82,978,
979,annihilape,gray,fighting,ghost,110,115,80,50,90,90,979,57.0
980,clodsire,brown,poison,ground,130,75,60,45,100,20,980,194.0
981,farigiraf,brown,normal,psychic,120,90,70,110,70,60,981,203.0
982,dudunsparce,yellow,normal,normal,125,100,80,85,75,55,982,206.0
983,kingambit,black,dark,steel,100,135,120,60,85,50,983,625.0
984,great-tusk,purple,ground,fighting,115,131,131,53,53,87,984,
985,scream-tail,pink,fairy,psychic,115,65,99,65,115,111,985,
986,brute-bonnet,gray,grass,dark,111,127,99,79,99,55,986,
987,flutter-mane,gray,ghost,fairy,55,55,55,135,135,135,987,
988,slither-wing,red,bug,fighting,85,135,79,85,105,81,988,
989,sandy-shocks,gray,electric,ground,85,81,97,121,85,101,989,
990,iron-treads,gray,ground,steel,90,112,120,72,70,106,990,
991,iron-bundle,red,ice,water,56,80,114,124,60,136,991,
992,iron-hands,gray,fighting,electric,154,140,108,50,68,50,992,
993,iron-jugulis,blue,dark,flying,94,80,86,122,80,108,993,
994,iron-moth,yellow,fire,poison,80,70,60,140,110,110,994,
995,iron-thorns,green,rock,electric,100,134,110,70,84,72,995,
996,frigibax,gray,dragon,ice,65,75,45,35,45,55,996,
997,arctibax,gray,dragon,ice,90,95,66,45,65,62,997,996.0
998,baxcalibur,gray,dragon,ice,115,145,92,75,86,87,998,997.0
999,gimmighoul,brown,ghost,ghost,45,30,70,75,70,10,999,
1000,gholdengo,yellow,steel,ghost,87,60,95,133,91,84,1000,999.0
1001,wo-chien,brown,dark,grass,85,85,100,95,135,70,1001,
1002,chien-pao,white,dark,ice,80,120,80,90,65,135,1002,
1003,ting-lu,brown,dark,ground,155,110,125,55,80,45,1003,
1004,chi-yu,red,dark,fire,55,80,80,135,120,100,1004,
1005,roaring-moon,green,dragon,dark,105,139,71,55,101,119,1005,
1006,iron-valiant,white,fairy,fighting,74,130,90,120,60,116,1006,
1007,koraidon,red,fighting,dragon,100,135,115,85,100,135,1007,
1008,miraidon,blue,electric,dragon,100,85,100,135,115,135,1008,
1009,walking-wake,blue,water,dragon,99,83,91,125,83,109,1009,
1010,iron-leaves,green,grass,psychic,90,130,88,70,108,104,1010,
10001,deoxys-attack,red,psychic,psychic,50,180,20,180,20,150,386,
10002,deoxys-defense,red,psychic,psychic,50,70,160,70,160,90,386,
10003,deoxys-speed,red,psychic,psychic,50,95,90,95,90,180,386,
10004,wormadam-sandy,green,bug,ground,60,79,105,59,85,36,413,
10005,wormadam-trash,green,bug,steel,60,69,95,69,95,36,413,
10006,shaymin-sky,green,grass,flying,100,103,75,120,75,127,492,
10007,giratina-origin,black,ghost,dragon,150,120,100,120,100,90,487,
10008,rotom-heat,red,electric,fire,50,65,107,105,107,86,479,
10009,rotom-wash,red,electric,water,50,65,107,105,107,86,479,
10010,rotom-frost,red,electric,ice,50,65,107,105,107,86,479,
10011,rotom-fan,red,electric,flying,50,65,107,105,107,86,479,
10012,rotom-mow,red,electric,grass,50,65,107,105,107,86,479,
10013,castform-sunny,gray,fire,fire,70,70,70,70,70,70,351,
10014,castform-rainy,gray,water,water,70,70,70,70,70,70,351,
10015,castform-snowy,gray,ice,ice,70,70,70,70,70,70,351,
10016,basculin-blue-striped,green,water,water,70,92,65,80,55,98,550,
10017,darmanitan-zen,red,fire,psychic,105,30,105,140,105,55,555,
10018,meloetta-pirouette,white,normal,fighting,100,128,90,77,77,128,648,
10019,tornadus-therian,green,flying,flying,79,100,80,110,90,121,641,
10020,thundurus-therian,blue,electric,flying,79,105,70,145,80,101,642,
10021,landorus-therian,brown,ground,flying,89,145,90,105,80,91,645,
10022,kyurem-black,gray,dragon,ice,125,170,100,120,90,95,646,
10023,kyurem-white,gray,dragon,ice,125,120,90,170,100,95,646,
10024,keldeo-resolute,yellow,water,fighting,91,72,90,129,90,108,647,
10025,meowstic-female,blue,psychic,psychic,74,48,76,83,81,104,678,
10026,aegislash-blade,brown,steel,ghost,60,140,50,140,50,60,681,
10027,pumpkaboo-small,brown,ghost,grass,44,66,70,44,55,56,710,
10028,pumpkaboo-large,brown,ghost,grass,54,66,70,44,55,46,710,
10029,pumpkaboo-super,brown,ghost,grass,59,66,70,44,55,41,710,
10030,gourgeist-small,brown,ghost,grass,55,85,122,58,75,99,711,
10031,gourgeist-large,brown,ghost,grass,75,95,122,58,75,69,711,
10032,gourgeist-super,brown,ghost,grass,85,100,122,58,75,54,711,
10033,venusaur-mega,green,grass,poison,80,100,123,122,120,80,3,
10034,charizard-mega-x,red,fire,dragon,78,130,111,130,85,100,6,
10035,charizard-mega-y,red,fire,flying,78,104,78,159,115,100,6,
10036,blastoise-mega,blue,water,water,79,103,120,135,115,78,9,
10037,alakazam-mega,brown,psychic,psychic,55,50,65,175,105,150,65,
10038,gengar-mega,purple,ghost,poison,60,65,80,170,95,130,94,
10039,kangaskhan-mega,brown,normal,normal,105,125,100,60,100,100,115,
10040,pinsir-mega,brown,bug,flying,65,155,120,65,90,105,127,
10041,gyarados-mega,blue,water,dark,95,155,109,70,130,81,130,
10042,aerodactyl-mega,purple,rock,flying,80,135,85,70,95,150,142,
10043,mewtwo-mega-x,purple,psychic,fighting,106,190,100,154,100,130,150,
10044,mewtwo-mega-y,purple,psychic,psychic,106,150,70,194,120,140,150,
10045,ampharos-mega,yellow,electric,dragon,90,95,105,165,110,45,181,
10046,scizor-mega,red,bug,steel,70,150,140,65,100,75,212,
10047,heracross-mega,blue,bug,fighting,80,185,115,40,105,75,214,
10048,houndoom-mega,black,dark,fire,75,90,90,140,90,115,229,
10049,tyranitar-mega,green,rock,dark,100,164,150,95,120,71,248,
10050,blaziken-mega,red,fire,fighting,80,160,80,130,80,100,257,
10051,gardevoir-mega,white,psychic,fairy,68,85,65,165,135,100,282,
10052,mawile-mega,black,steel,fairy,50,105,125,55,95,50,303,
10053,aggron-mega,gray,steel,steel,70,140,230,60,80,50,306,
10054,medicham-mega,red,fighting,psychic,60,100,85,80,85,100,308,
10055,manectric-mega,yellow,electric,electric,70,75,80,135,80,135,310,
10056,banette-mega,black,ghost,ghost,64,165,75,93,83,75,354,
10057,absol-mega,white,dark,dark,65,150,60,115,60,115,359,
10058,garchomp-mega,blue,dragon,ground,108,170,115,120,95,92,445,
10059,lucario-mega,blue,fighting,steel,70,145,88,140,70,112,448,
10060,abomasnow-mega,white,grass,ice,90,132,105,132,105,30,460,
10061,floette-eternal,white,fairy,fairy,74,65,67,125,128,92,670,
10062,latias-mega,red,dragon,psychic,80,100,120,140,150,110,380,
10063,latios-mega,blue,dragon,psychic,80,130,100,160,120,110,381,
10064,swampert-mega,blue,water,ground,100,150,110,95,110,70,260,
10065,sceptile-mega,green,grass,dragon,70,110,75,145,85,145,254,
10066,sableye-mega,purple,dark,ghost,50,85,125,85,115,20,302,
10067,altaria-mega,blue,dragon,fairy,75,110,110,110,105,80,334,
10068,gallade-mega,white,psychic,fighting,68,165,95,65,115,110,475,
10069,audino-mega,pink,normal,fairy,103,60,126,80,126,50,531,
10070,sharpedo-mega,blue,water,dark,70,140,70,110,65,105,319,
10071,slowbro-mega,pink,water,psychic,95,75,180,130,80,30,80,
10072,steelix-mega,gray,steel,ground,75,125,230,55,95,30,208,
10073,pidgeot-mega,brown,normal,flying,83,80,80,135,80,121,18,
10074,glalie-mega,gray,ice,ice,80,120,80,120,80,100,362,
10075,diancie-mega,pink,rock,fairy,50,160,110,160,110,110,719,
10076,metagross-mega,blue,steel,psychic,80,145,150,105,110,110,376,
10077,kyogre-primal,blue,water,water,100,150,90,180,160,90,382,
10078,groudon-primal,red,ground,fire,100,180,160,150,90,90,383,
10079,rayquaza-mega,green,dragon,flying,105,180,100,180,100,115,384,
10080,pikachu-rock-star,yellow,electric,electric,35,55,40,50,50,90,25,
10081,pikachu-belle,yellow,electric,electric,35,55,40,50,50,90,25,
10082,pikachu-pop-star,yellow,electric,electric,35,55,40,50,50,90,25,
10083,pikachu-phd,yellow,electric,electric,35,55,40,50,50,90,25,
10084,pikachu-libre,yellow,electric,electric,35,55,40,50,50,90,25,
10085,pikachu-cosplay,yellow,electric,electric,35,55,40,50,50,90,25,
10086,hoopa-unbound,purple,psychic,dark,80,160,60,170,130,80,720,
10087,camerupt-mega,red,fire,ground,70,120,100,145,105,20,323,
10088,lopunny-mega,brown,normal,fighting,65,136,94,54,96,135,428,
10089,salamence-mega,blue,dragon,flying,95,145,130,120,90,120,373,
10090,beedrill-mega,yellow,bug,poison,65,150,40,15,80,145,15,
10091,rattata-alola,purple,dark,normal,30,56,35,25,35,72,19,
10092,raticate-alola,brown,dark,normal,75,71,70,40,80,77,20,
10093,raticate-totem-alola,brown,dark,normal,75,71,70,40,80,77,20,
10094,pikachu-original-cap,yellow,electric,electric,35,55,40,50,50,90,25,
10095,pikachu-hoenn-cap,yellow,electric,electric,35,55,40,50,50,90,25,
10096,pikachu-sinnoh-cap,yellow,electric,electric,35,55,40,50,50,90,25,
10097,pikachu-unova-cap,yellow,electric,electric,35,55,40,50,50,90,25,
10098,pikachu-kalos-cap,yellow,electric,electric,35,55,40,50,50,90,25,
10099,pikachu-alola-cap,yellow,electric,electric,35,55,40,50,50,90,25,
10100,raichu-alola,yellow,electric,psychic,60,85,50,95,85,110,26,
10101,sandshrew-alola,yellow,ice,steel,50,75,90,10,35,40,27,
10102,sandslash-alola,yellow,ice,steel,75,100,120,25,65,65,28,
10103,vulpix-alola,brown,ice,ice,38,41,40,50,65,65,37,
10104,ninetales-alola,yellow,ice,fairy,73,67,75,81,100,109,38,
10105,diglett-alola,brown,ground,steel,10,55,30,35,45,90,50,
10106,dugtrio-alola,brown,ground,steel,35,100,60,50,70,110,51,
10107,meowth-alola,yellow,dark,dark,40,35,35,50,40,90,52,
10108,persian-alola,yellow,dark,dark,65,60,60,75,65,115,53,
10109,geodude-alola,brown,rock,electric,40,80,100,30,30,20,74,
10110,graveler-alola,brown,rock,electric,55,95,115,45,45,35,75,
10111,golem-alola,brown,rock,electric,80,120,130,55,65,45,76,
10112,grimer-alola,purple,poison,dark,80,80,50,40,50,25,88,
10113,muk-alola,purple,poison,dark,105,105,75,65,100,50,89,
10114,exeggutor-alola,yellow,grass,dragon,95,105,85,125,75,45,103,
10115,marowak-alola,brown,fire,ghost,60,80,110,50,80,45,105,
10116,greninja-battle-bond,blue,water,dark,72,95,67,103,71,122,658,
10117,greninja-ash,blue,water,dark,72,145,67,153,71,132,658,
10118,zygarde-10-power-construct,green,dragon,ground,54,100,71,61,85,115,718,
10119,zygarde-50-power-construct,green,dragon,ground,108,100,121,81,95,95,718,
10120,zygarde-complete,green,dragon,ground,216,100,121,91,95,85,718,
10121,gumshoos-totem,brown,normal,normal,88,110,60,55,60,45,735,
10122,vikavolt-totem,blue,bug,electric,77,70,90,145,75,43,738,
10123,oricorio-pom-pom,red,electric,flying,75,70,70,98,70,93,741,
10124,oricorio-pau,red,psychic,flying,75,70,70,98,70,93,741,
10125,oricorio-sensu,red,ghost,flying,75,70,70,98,70,93,741,
10126,lycanroc-midnight,brown,rock,rock,85,115,75,55,75,82,745,
10127,wishiwashi-school,blue,water,water,45,140,130,140,135,30,746,
10128,lurantis-totem,pink,grass,grass,70,105,90,80,90,45,754,
10129,salazzle-totem,black,poison,fire,68,64,60,111,60,117,758,
10130,minior-orange-meteor,brown,rock,flying,60,60,100,60,100,60,774,
10131,minior-yellow-meteor,brown,rock,flying,60,60,100,60,100,60,774,
10132,minior-green-meteor,brown,rock,flying,60,60,100,60,100,60,774,
10133,minior-blue-meteor,brown,rock,flying,60,60,100,60,100,60,774,
10134,minior-indigo-meteor,brown,rock,flying,60,60,100,60,100,60,774,
10135,minior-violet-meteor,brown,rock,flying,60,60,100,60,100,60,774,
10136,minior-red,brown,rock,flying,60,100,60,100,60,120,774,
10137,minior-orange,brown,rock,flying,60,100,60,100,60,120,774,
10138,minior-yellow,brown,rock,flying,60,100,60,100,60,120,774,
10139,minior-green,brown,rock,flying,60,100,60,100,60,120,774,
10140,minior-blue,brown,rock,flying,60,100,60,100,60,120,774,
10141,minior-indigo,brown,rock,flying,60,100,60,100,60,120,774,
10142,minior-violet,brown,rock,flying,60,100,60,100,60,120,774,
10143,mimikyu-busted,yellow,ghost,fairy,55,90,80,50,105,96,778,
10144,mimikyu-totem-disguised,yellow,ghost,fairy,55,90,80,50,105,96,778,
10145,mimikyu-totem-busted,yellow,ghost,fairy,55,90,80,50,105,96,778,
10146,kommo-o-totem,gray,dragon,fighting,75,110,125,100,105,85,784,
10147,magearna-original,gray,steel,fairy,80,95,115,130,115,65,801,
10148,pikachu-partner-cap,yellow,electric,electric,35,55,40,50,50,90,25,
10149,marowak-totem,brown,fire,ghost,60,80,110,50,80,45,105,
10150,ribombee-totem,yellow,bug,fairy,60,55,60,95,70,124,743,
10151,rockruff-own-tempo,brown,rock,rock,45,65,40,30,40,60,744,
10152,lycanroc-dusk,brown,rock,rock,75,117,65,55,65,110,745,
10153,araquanid-totem,green,water,bug,68,70,92,50,132,42,752,
10154,togedemaru-totem,gray,electric,steel,65,98,63,40,73,96,777,
10155,necrozma-dusk,black,psychic,steel,97,157,127,113,109,77,800,
10156,necrozma-dawn,black,psychic,ghost,97,113,109,157,127,77,800,
10157,necrozma-ultra,black,psychic,dragon,97,167,97,167,97,129,800,
10158,pikachu-starter,yellow,electric,electric,45,80,50,75,60,120,25,
10159,eevee-starter,brown,normal,normal,65,75,70,65,85,75,133,
10160,pikachu-world-cap,yellow,electric,electric,35,55,40,50,50,90,25,
10161,meowth-galar,yellow,steel,steel,50,65,55,40,40,40,52,
10162,ponyta-galar,yellow,psychic,psychic,50,85,55,65,65,90,77,
10163,rapidash-galar,yellow,psychic,fairy,65,100,70,80,80,105,78,
10164,slowpoke-galar,pink,psychic,psychic,90,65,65,40,40,15,79,
10165,slowbro-galar,pink,poison,psychic,95,100,95,100,70,30,80,
10166,farfetchd-galar,brown,fighting,fighting,52,95,55,58,62,55,83,
10167,weezing-galar,purple,poison,fairy,65,90,120,85,70,60,110,
10168,mr-mime-galar,pink,ice,psychic,50,65,65,90,90,100,122,
10169,articuno-galar,blue,psychic,flying,90,85,85,125,100,95,144,
10170,zapdos-galar,yellow,fighting,flying,90,125,90,85,90,100,145,
10171,moltres-galar,yellow,dark,flying,90,85,90,100,125,90,146,
10172,slowking-galar,pink,poison,psychic,95,65,80,110,110,30,199,
10173,corsola-galar,pink,ghost,ghost,60,55,100,65,100,30,222,
10174,zigzagoon-galar,brown,dark,normal,38,30,41,30,41,60,263,
10175,linoone-galar,white,dark,normal,78,70,61,50,61,100,264,
10176,darumaka-galar,red,ice,ice,70,90,45,15,45,50,554,
10177,darmanitan-galar-standard,red,ice,ice,105,140,55,30,55,95,555,
10178,darmanitan-galar-zen,red,ice,fire,105,160,55,30,55,135,555,
10179,yamask-galar,black,ground,ghost,38,55,85,30,65,30,562,
10180,stunfisk-galar,brown,ground,steel,109,81,99,66,84,32,618,
10181,zygarde-10,green,dragon,ground,54,100,71,61,85,115,718,
10182,cramorant-gulping,blue,flying,water,70,85,55,85,95,85,845,
10183,cramorant-gorging,blue,flying,water,70,85,55,85,95,85,845,
10184,toxtricity-low-key,purple,electric,poison,75,98,70,114,70,75,849,
10185,eiscue-noice,blue,ice,ice,75,80,70,65,50,130,875,
10186,indeedee-female,purple,psychic,normal,70,55,65,95,105,85,876,
10187,morpeko-hangry,yellow,electric,dark,58,95,58,70,58,97,877,
10188,zacian-crowned,blue,fairy,steel,92,170,115,80,115,148,888,
10189,zamazenta-crowned,red,fighting,steel,92,130,145,80,145,128,889,
10190,eternatus-eternamax,purple,poison,dragon,255,115,250,125,250,130,890,
10191,urshifu-rapid-strike,gray,fighting,water,100,130,100,63,60,97,892,
10192,zarude-dada,green,dark,grass,105,120,105,70,95,105,893,
10193,calyrex-ice,green,psychic,ice,100,165,150,85,130,50,898,
10194,calyrex-shadow,green,psychic,ghost,100,85,80,165,100,150,898,
10195,venusaur-gmax,green,grass,poison,80,82,83,100,100,80,3,
10196,charizard-gmax,red,fire,flying,78,84,78,109,85,100,6,
10197,blastoise-gmax,blue,water,water,79,83,100,85,105,78,9,
10198,butterfree-gmax,white,bug,flying,60,45,50,90,80,70,12,
10199,pikachu-gmax,yellow,electric,electric,35,55,40,50,50,90,25,
10200,meowth-gmax,yellow,normal,normal,40,45,35,40,40,90,52,
10201,machamp-gmax,gray,fighting,fighting,90,130,80,65,85,55,68,
10202,gengar-gmax,purple,ghost,poison,60,65,60,130,75,110,94,
10203,kingler-gmax,red,water,water,55,130,115,50,50,75,99,
10204,lapras-gmax,blue,water,ice,130,85,80,85,95,60,131,
10205,eevee-gmax,brown,normal,normal,55,55,50,45,65,55,133,
10206,snorlax-gmax,black,normal,normal,160,110,65,65,110,30,143,
10207,garbodor-gmax,green,poison,poison,80,95,82,60,82,75,569,
10208,melmetal-gmax,gray,steel,steel,135,143,143,80,65,34,809,
10209,rillaboom-gmax,green,grass,grass,100,125,90,60,70,85,812,
10210,cinderace-gmax,white,fire,fire,80,116,75,65,75,119,815,
10211,inteleon-gmax,blue,water,water,70,85,65,125,65,120,818,
10212,corviknight-gmax,purple,flying,steel,98,87,105,53,85,67,823,
10213,orbeetle-gmax,red,bug,psychic,60,45,110,80,120,90,826,
10214,drednaw-gmax,green,water,rock,90,115,90,48,68,74,834,
10215,coalossal-gmax,black,rock,fire,110,80,120,80,90,30,839,
10216,flapple-gmax,green,grass,dragon,70,110,80,95,60,70,841,
10217,appletun-gmax,green,grass,dragon,110,85,80,100,80,30,842,
10218,sandaconda-gmax,green,ground,ground,72,107,125,65,70,71,844,
10219,toxtricity-amped-gmax,purple,electric,poison,75,98,70,114,70,75,849,
10220,centiskorch-gmax,red,fire,bug,100,115,65,90,90,65,851,
10221,hatterene-gmax,pink,psychic,fairy,57,90,95,136,103,29,858,
10222,grimmsnarl-gmax,purple,dark,fairy,95,120,65,95,75,60,861,
10223,alcremie-gmax,white,fairy,fairy,65,60,75,110,121,64,869,
10224,copperajah-gmax,green,steel,steel,122,130,69,80,69,30,879,
10225,duraludon-gmax,white,steel,dragon,70,95,115,120,50,85,884,
10226,urshifu-single-strike-gmax,gray,fighting,dark,100,130,100,63,60,97,892,
10227,urshifu-rapid-strike-gmax,gray,fighting,water,100,130,100,63,60,97,892,
10228,toxtricity-low-key-gmax,purple,electric,poison,75,98,70,114,70,75,849,
10229,growlithe-hisui,brown,fire,rock,60,75,45,65,50,55,58,
10230,arcanine-hisui,brown,fire,rock,95,115,80,95,80,90,59,
10231,voltorb-hisui,red,electric,grass,40,30,50,55,55,100,100,
10232,electrode-hisui,red,electric,grass,60,50,70,80,80,150,101,
10233,typhlosion-hisui,yellow,fire,ghost,73,84,78,119,85,95,157,
10234,qwilfish-hisui,gray,dark,poison,65,95,85,55,55,85,211,
10235,sneasel-hisui,black,fighting,poison,55,95,55,35,75,115,215,
10236,samurott-hisui,blue,water,dark,90,108,80,100,65,85,503,
10237,lilligant-hisui,green,grass,fighting,70,105,75,50,75,105,549,
10238,zorua-hisui,gray,normal,ghost,35,60,40,85,40,70,570,
10239,zoroark-hisui,gray,normal,ghost,55,100,60,125,60,110,571,
10240,braviary-hisui,red,psychic,flying,110,83,70,112,70,65,628,
10241,sliggoo-hisui,purple,steel,dragon,58,75,83,83,113,40,705,
10242,goodra-hisui,purple,steel,dragon,80,100,100,110,150,60,706,
10243,avalugg-hisui,blue,ice,rock,95,127,184,34,36,38,713,
10244,decidueye-hisui,brown,grass,fighting,88,112,80,95,95,60,724,
10245,dialga-origin,white,steel,dragon,100,100,120,150,120,90,483,
10246,palkia-origin,purple,water,dragon,90,100,100,150,120,120,484,
10247,basculin-white-striped,green,water,water,70,92,65,80,55,98,550,
10248,basculegion-female,green,water,ghost,120,92,65,100,75,78,902,
10249,enamorus-therian,pink,fairy,flying,74,115,110,135,100,46,905,
10250,tauros-paldea-combat-breed,brown,fighting,fighting,75,110,105,30,70,100,128,
10251,tauros-paldea-blaze-breed,brown,fighting,fire,75,110,105,30,70,100,128,
10252,tauros-paldea-aqua-breed,brown,fighting,water,75,110,105,30,70,100,128,
10253,wooper-paldea,blue,poison,ground,55,45,45,25,25,15,194,
10254,oinkologne-female,gray,normal,normal,115,90,70,59,90,65,916,
10255,dudunsparce-three-segment,yellow,normal,normal,125,100,80,85,75,55,982,
10256,palafin-hero,blue,water,water,100,160,97,106,87,100,964,
10257,maushold-family-of-three,white,normal,normal,74,75,70,65,75,111,925,
10258,tatsugiri-droopy,pink,dragon,water,68,50,60,120,95,82,978,
10259,tatsugiri-stretchy,pink,dragon,water,68,50,60,120,95,82,978,
10260,squawkabilly-blue-plumage,green,normal,flying,82,96,51,45,51,92,931,
10261,squawkabilly-yellow-plumage,green,normal,flying,82,96,51,45,51,92,931,
10262,squawkabilly-white-plumage,green,normal,flying,82,96,51,45,51,92,931,
10263,gimmighoul-roaming,brown,ghost,ghost,45,30,25,75,45,80,999,
10264,koraidon-limited-build,red,fighting,dragon,100,135,115,85,100,135,1007,
10265,koraidon-sprinting-build,red,fighting,dragon,100,135,115,85,100,135,1007,
10266,koraidon-swimming-build,red,fighting,dragon,100,135,115,85,100,135,1007,
10267,koraidon-gliding-build,red,fighting,dragon,100,135,115,85,100,135,1007,
10268,miraidon-low-power-mode,blue,electric,dragon,100,85,100,135,115,135,1008,
10269,miraidon-drive-mode,blue,electric,dragon,100,85,100,135,115,135,1008,
10270,miraidon-aquatic-mode,blue,electric,dragon,100,85,100,135,115,135,1008,
10271,miraidon-glide-mode,blue,electric,dragon,100,85,100,135,115,135,1008,
